,sequence,method,HLA-B*07:02 Rank,HLA-B*07:02 Score,HLA-B*44:03 Rank,HLA-B*44:03 Score,length,chr,pos,gene,transcripts,variant type,synonymous,homozygous,variant details (genomic),variant details (protein),refseq,single_mutation,method_refseq,HLA-B*07:02 Rank_refseq,HLA-B*07:02 Score_refseq,HLA-B*44:03 Rank_refseq,HLA-B*44:03 Score_refseq
0,NFNVLFSTVFPL,netmhcpan,53.0769,0.0,67.5,0.0,12,NC_045512.2,14408,ORF1ab,GU280_gp01,SNP,False,False,"c.14144C>T,c.968C>T","p.Pro4715Leu,p.Pro323Leu",NFNVLFSTVFPP,True,netmhcpan,92.5,0.0,95.0,0.0
1,FNVLFSTVFPLT,netmhcpan,95.0,0.0,100.0,0.0,12,NC_045512.2,14408,ORF1ab,GU280_gp01,SNP,False,False,"c.14144C>T,c.968C>T","p.Pro4715Leu,p.Pro323Leu",FNVLFSTVFPPT,True,netmhcpan,95.0,0.0,100.0,0.0
2,NVLFSTVFPLTS,netmhcpan,83.3333,0.0,95.0,0.0,12,NC_045512.2,14408,ORF1ab,GU280_gp01,SNP,False,False,"c.14144C>T,c.968C>T","p.Pro4715Leu,p.Pro323Leu",NVLFSTVFPPTS,True,netmhcpan,83.3333,0.0,95.0,0.0
3,VLFSTVFPLTSF,netmhcpan,19.6176,0.0006,29.8333,0.0001,12,NC_045512.2,14408,ORF1ab,GU280_gp01,SNP,False,False,"c.14144C>T,c.968C>T","p.Pro4715Leu,p.Pro323Leu",VLFSTVFPPTSF,True,netmhcpan,10.4716,0.0022,19.9259,0.0002
4,LFSTVFPLTSFG,netmhcpan,85.0,0.0,95.0,0.0,12,NC_045512.2,14408,ORF1ab,GU280_gp01,SNP,False,False,"c.14144C>T,c.968C>T","p.Pro4715Leu,p.Pro323Leu",LFSTVFPPTSFG,True,netmhcpan,49.6667,0.0,75.0,0.0
5,FSTVFPLTSFGP,netmhcpan,90.0,0.0,95.0,0.0,12,NC_045512.2,14408,ORF1ab,GU280_gp01,SNP,False,False,"c.14144C>T,c.968C>T","p.Pro4715Leu,p.Pro323Leu",FSTVFPPTSFGP,True,netmhcpan,69.0,0.0,85.0,0.0
6,STVFPLTSFGPL,netmhcpan,1.5177,0.093,67.5,0.0,12,NC_045512.2,14408,ORF1ab,GU280_gp01,SNP,False,False,"c.14144C>T,c.968C>T","p.Pro4715Leu,p.Pro323Leu",STVFPPTSFGPL,True,netmhcpan,2.3764,0.0441,50.0,0.0
7,TVFPLTSFGPLV,netmhcpan,26.9231,0.0003,55.0,0.0,12,NC_045512.2,14408,ORF1ab,GU280_gp01,SNP,False,False,"c.14144C>T,c.968C>T","p.Pro4715Leu,p.Pro323Leu",TVFPPTSFGPLV,True,netmhcpan,11.4135,0.0019,40.5,0.0
8,VFPLTSFGPLVR,netmhcpan,44.75,0.0001,58.75,0.0,12,NC_045512.2,14408,ORF1ab,GU280_gp01,SNP,False,False,"c.14144C>T,c.968C>T","p.Pro4715Leu,p.Pro323Leu",VFPPTSFGPLVR,True,netmhcpan,42.8,0.0001,44.5,0.0
9,FPLTSFGPLVRK,netmhcpan,11.9032,0.0017,43.5,0.0,12,NC_045512.2,14408,ORF1ab,GU280_gp01,SNP,False,False,"c.14144C>T,c.968C>T","p.Pro4715Leu,p.Pro323Leu",FPPTSFGPLVRK,True,netmhcpan,11.4897,0.0018,39.5,0.0
10,PLTSFGPLVRKI,netmhcpan,92.5,0.0,80.0,0.0,12,NC_045512.2,14408,ORF1ab,GU280_gp01,SNP,False,False,"c.14144C>T,c.968C>T","p.Pro4715Leu,p.Pro323Leu",PPTSFGPLVRKI,True,netmhcpan,35.4444,0.0001,72.5,0.0
11,LTSFGPLVRKIF,netmhcpan,50.7692,0.0,56.25,0.0,12,NC_045512.2,14408,ORF1ab,GU280_gp01,SNP,False,False,"c.14144C>T,c.968C>T","p.Pro4715Leu,p.Pro323Leu",PTSFGPLVRKIF,True,netmhcpan,76.6667,0.0,62.5,0.0
12,LSMQGAVDINKF,netmhcpan,49.0,0.0001,37.0,0.0,12,NC_045512.2,12053,ORF1ab,GU280_gp01,SNP,False,False,"c.11788C>T,c.211C>T","p.Leu71Phe,p.Leu3930Phe",LSMQGAVDINKL,True,netmhcpan,28.2,0.0002,70.0,0.0
13,SMQGAVDINKFC,netmhcpan,81.6667,0.0,62.5,0.0,12,NC_045512.2,12053,ORF1ab,GU280_gp01,SNP,False,False,"c.11788C>T,c.211C>T","p.Leu71Phe,p.Leu3930Phe",SMQGAVDINKLC,True,netmhcpan,75.0,0.0,60.0,0.0
14,MQGAVDINKFCE,netmhcpan,95.0,0.0,75.0,0.0,12,NC_045512.2,12053,ORF1ab,GU280_gp01,SNP,False,False,"c.11788C>T,c.211C>T","p.Leu71Phe,p.Leu3930Phe",MQGAVDINKLCE,True,netmhcpan,92.5,0.0,80.0,0.0
15,QGAVDINKFCEE,netmhcpan,100.0,0.0,95.0,0.0,12,NC_045512.2,12053,ORF1ab,GU280_gp01,SNP,False,False,"c.11788C>T,c.211C>T","p.Leu71Phe,p.Leu3930Phe",QGAVDINKLCEE,True,netmhcpan,95.0,0.0,95.0,0.0
16,GAVDINKFCEEM,netmhcpan,39.4286,0.0001,46.0,0.0,12,NC_045512.2,12053,ORF1ab,GU280_gp01,SNP,False,False,"c.11788C>T,c.211C>T","p.Leu71Phe,p.Leu3930Phe",GAVDINKLCEEM,True,netmhcpan,39.1429,0.0001,44.0,0.0
17,AVDINKFCEEML,netmhcpan,28.05,0.0002,67.5,0.0,12,NC_045512.2,12053,ORF1ab,GU280_gp01,SNP,False,False,"c.11788C>T,c.211C>T","p.Leu71Phe,p.Leu3930Phe",AVDINKLCEEML,True,netmhcpan,24.3548,0.0003,67.5,0.0
18,VDINKFCEEMLD,netmhcpan,90.0,0.0,95.0,0.0,12,NC_045512.2,12053,ORF1ab,GU280_gp01,SNP,False,False,"c.11788C>T,c.211C>T","p.Leu71Phe,p.Leu3930Phe",VDINKLCEEMLD,True,netmhcpan,92.5,0.0,95.0,0.0
19,DINKFCEEMLDN,netmhcpan,100.0,0.0,100.0,0.0,12,NC_045512.2,12053,ORF1ab,GU280_gp01,SNP,False,False,"c.11788C>T,c.211C>T","p.Leu71Phe,p.Leu3930Phe",DINKLCEEMLDN,True,netmhcpan,100.0,0.0,100.0,0.0
20,INKFCEEMLDNR,netmhcpan,95.0,0.0,95.0,0.0,12,NC_045512.2,12053,ORF1ab,GU280_gp01,SNP,False,False,"c.11788C>T,c.211C>T","p.Leu71Phe,p.Leu3930Phe",INKLCEEMLDNR,True,netmhcpan,95.0,0.0,95.0,0.0
21,NKFCEEMLDNRA,netmhcpan,92.5,0.0,45.0,0.0,12,NC_045512.2,12053,ORF1ab,GU280_gp01,SNP,False,False,"c.11788C>T,c.211C>T","p.Leu71Phe,p.Leu3930Phe",NKLCEEMLDNRA,True,netmhcpan,95.0,0.0,45.0,0.0
22,KFCEEMLDNRAT,netmhcpan,83.3333,0.0,24.1667,0.0001,12,NC_045512.2,12053,ORF1ab,GU280_gp01,SNP,False,False,"c.11788C>T,c.211C>T","p.Leu71Phe,p.Leu3930Phe",KLCEEMLDNRAT,True,netmhcpan,81.6667,0.0,24.0833,0.0001
23,FCEEMLDNRATL,netmhcpan,14.1506,0.0012,21.2,0.0002,12,NC_045512.2,12053,ORF1ab,GU280_gp01,SNP,False,False,"c.11788C>T,c.211C>T","p.Leu71Phe,p.Leu3930Phe",LCEEMLDNRATL,True,netmhcpan,19.0294,0.0006,21.25,0.0002
24,AGTDTTITVNVV,netmhcpan,67.0,0.0,72.5,0.0,12,NC_045512.2,10667,ORF1ab,GU280_gp01,SNP,False,False,"c.10402T>G,c.613T>G","p.Leu3468Val,p.Leu205Val",AGTDTTITVNVL,True,netmhcpan,33.9091,0.0001,70.0,0.0
25,GTDTTITVNVVA,netmhcpan,75.0,0.0,80.0,0.0,12,NC_045512.2,10667,ORF1ab,GU280_gp01,SNP,False,False,"c.10402T>G,c.613T>G","p.Leu3468Val,p.Leu205Val",GTDTTITVNVLA,True,netmhcpan,72.5,0.0,75.0,0.0
26,TDTTITVNVVAW,netmhcpan,56.6667,0.0,5.9588,0.0037,12,NC_045512.2,10667,ORF1ab,GU280_gp01,SNP,False,False,"c.10402T>G,c.613T>G","p.Leu3468Val,p.Leu205Val",TDTTITVNVLAW,True,netmhcpan,59.4444,0.0,5.4175,0.0046
27,DTTITVNVVAWL,netmhcpan,69.0,0.0,85.0,0.0,12,NC_045512.2,10667,ORF1ab,GU280_gp01,SNP,False,False,"c.10402T>G,c.613T>G","p.Leu3468Val,p.Leu205Val",DTTITVNVLAWL,True,netmhcpan,69.0,0.0,85.0,0.0
28,TTITVNVVAWLY,netmhcpan,78.3333,0.0,18.0938,0.0003,12,NC_045512.2,10667,ORF1ab,GU280_gp01,SNP,False,False,"c.10402T>G,c.613T>G","p.Leu3468Val,p.Leu205Val",TTITVNVLAWLY,True,netmhcpan,83.3333,0.0,18.375,0.0003
29,TITVNVVAWLYA,netmhcpan,83.3333,0.0,95.0,0.0,12,NC_045512.2,10667,ORF1ab,GU280_gp01,SNP,False,False,"c.10402T>G,c.613T>G","p.Leu3468Val,p.Leu205Val",TITVNVLAWLYA,True,netmhcpan,85.0,0.0,95.0,0.0
30,ITVNVVAWLYAA,netmhcpan,85.0,0.0,95.0,0.0,12,NC_045512.2,10667,ORF1ab,GU280_gp01,SNP,False,False,"c.10402T>G,c.613T>G","p.Leu3468Val,p.Leu205Val",ITVNVLAWLYAA,True,netmhcpan,85.0,0.0,95.0,0.0
31,TVNVVAWLYAAV,netmhcpan,69.0,0.0,85.0,0.0,12,NC_045512.2,10667,ORF1ab,GU280_gp01,SNP,False,False,"c.10402T>G,c.613T>G","p.Leu3468Val,p.Leu205Val",TVNVLAWLYAAV,True,netmhcpan,73.75,0.0,95.0,0.0
32,VNVVAWLYAAVI,netmhcpan,90.0,0.0,95.0,0.0,12,NC_045512.2,10667,ORF1ab,GU280_gp01,SNP,False,False,"c.10402T>G,c.613T>G","p.Leu3468Val,p.Leu205Val",VNVLAWLYAAVI,True,netmhcpan,90.0,0.0,95.0,0.0
33,NVVAWLYAAVIN,netmhcpan,100.0,0.0,100.0,0.0,12,NC_045512.2,10667,ORF1ab,GU280_gp01,SNP,False,False,"c.10402T>G,c.613T>G","p.Leu3468Val,p.Leu205Val",NVLAWLYAAVIN,True,netmhcpan,100.0,0.0,100.0,0.0
34,VVAWLYAAVING,netmhcpan,100.0,0.0,100.0,0.0,12,NC_045512.2,10667,ORF1ab,GU280_gp01,SNP,False,False,"c.10402T>G,c.613T>G","p.Leu3468Val,p.Leu205Val",VLAWLYAAVING,True,netmhcpan,100.0,0.0,100.0,0.0
35,VAWLYAAVINGD,netmhcpan,100.0,0.0,100.0,0.0,12,NC_045512.2,10667,ORF1ab,GU280_gp01,SNP,False,False,"c.10402T>G,c.613T>G","p.Leu3468Val,p.Leu205Val",LAWLYAAVINGD,True,netmhcpan,100.0,0.0,100.0,0.0
36,DLGDISGINASF,netmhcpan,41.8,0.0001,29.1667,0.0001,12,NC_045512.2,25088,S,GU280_gp02,SNP,False,False,c.3526G>T,p.Val1176Phe,DLGDISGINASV,True,netmhcpan,61.4286,0.0,80.0,0.0
37,LGDISGINASFV,netmhcpan,71.25,0.0,85.0,0.0,12,NC_045512.2,25088,S,GU280_gp02,SNP,False,False,c.3526G>T,p.Val1176Phe,LGDISGINASVV,True,netmhcpan,70.0,0.0,95.0,0.0
38,GDISGINASFVN,netmhcpan,92.5,0.0,60.0,0.0,12,NC_045512.2,25088,S,GU280_gp02,SNP,False,False,c.3526G>T,p.Val1176Phe,GDISGINASVVN,True,netmhcpan,95.0,0.0,75.0,0.0
39,DISGINASFVNI,netmhcpan,64.2857,0.0,80.0,0.0,12,NC_045512.2,25088,S,GU280_gp02,SNP,False,False,c.3526G>T,p.Val1176Phe,DISGINASVVNI,True,netmhcpan,64.2857,0.0,80.0,0.0
40,ISGINASFVNIQ,netmhcpan,95.0,0.0,100.0,0.0,12,NC_045512.2,25088,S,GU280_gp02,SNP,False,False,c.3526G>T,p.Val1176Phe,ISGINASVVNIQ,True,netmhcpan,95.0,0.0,100.0,0.0
41,SGINASFVNIQK,netmhcpan,65.0,0.0,60.0,0.0,12,NC_045512.2,25088,S,GU280_gp02,SNP,False,False,c.3526G>T,p.Val1176Phe,SGINASVVNIQK,True,netmhcpan,66.0,0.0,58.75,0.0
42,GINASFVNIQKE,netmhcpan,95.0,0.0,95.0,0.0,12,NC_045512.2,25088,S,GU280_gp02,SNP,False,False,c.3526G>T,p.Val1176Phe,GINASVVNIQKE,True,netmhcpan,95.0,0.0,95.0,0.0
43,INASFVNIQKEI,netmhcpan,68.0,0.0,67.5,0.0,12,NC_045512.2,25088,S,GU280_gp02,SNP,False,False,c.3526G>T,p.Val1176Phe,INASVVNIQKEI,True,netmhcpan,75.0,0.0,65.0,0.0
44,NASFVNIQKEID,netmhcpan,92.5,0.0,95.0,0.0,12,NC_045512.2,25088,S,GU280_gp02,SNP,False,False,c.3526G>T,p.Val1176Phe,NASVVNIQKEID,True,netmhcpan,95.0,0.0,95.0,0.0
45,ASFVNIQKEIDR,netmhcpan,83.3333,0.0,60.0,0.0,12,NC_045512.2,25088,S,GU280_gp02,SNP,False,False,c.3526G>T,p.Val1176Phe,ASVVNIQKEIDR,True,netmhcpan,90.0,0.0,72.5,0.0
46,SFVNIQKEIDRL,netmhcpan,35.7778,0.0001,38.6667,0.0,12,NC_045512.2,25088,S,GU280_gp02,SNP,False,False,c.3526G>T,p.Val1176Phe,SVVNIQKEIDRL,True,netmhcpan,28.25,0.0002,45.0,0.0
47,FVNIQKEIDRLN,netmhcpan,85.0,0.0,95.0,0.0,12,NC_045512.2,25088,S,GU280_gp02,SNP,False,False,c.3526G>T,p.Val1176Phe,VVNIQKEIDRLN,True,netmhcpan,92.5,0.0,95.0,0.0
48,NTSNQVAVLYQG,netmhcpan,95.0,0.0,85.0,0.0,12,NC_045512.2,23403,S,GU280_gp02,SNP,False,False,c.1841A>G,p.Asp614Gly,NTSNQVAVLYQD,True,netmhcpan,95.0,0.0,95.0,0.0
49,TSNQVAVLYQGV,netmhcpan,78.3333,0.0,75.0,0.0,12,NC_045512.2,23403,S,GU280_gp02,SNP,False,False,c.1841A>G,p.Asp614Gly,TSNQVAVLYQDV,True,netmhcpan,85.0,0.0,80.0,0.0
50,SNQVAVLYQGVN,netmhcpan,100.0,0.0,100.0,0.0,12,NC_045512.2,23403,S,GU280_gp02,SNP,False,False,c.1841A>G,p.Asp614Gly,SNQVAVLYQDVN,True,netmhcpan,100.0,0.0,100.0,0.0
51,NQVAVLYQGVNC,netmhcpan,90.0,0.0,70.0,0.0,12,NC_045512.2,23403,S,GU280_gp02,SNP,False,False,c.1841A>G,p.Asp614Gly,NQVAVLYQDVNC,True,netmhcpan,92.5,0.0,80.0,0.0
52,QVAVLYQGVNCT,netmhcpan,80.0,0.0,80.0,0.0,12,NC_045512.2,23403,S,GU280_gp02,SNP,False,False,c.1841A>G,p.Asp614Gly,QVAVLYQDVNCT,True,netmhcpan,85.0,0.0,85.0,0.0
53,VAVLYQGVNCTE,netmhcpan,90.0,0.0,95.0,0.0,12,NC_045512.2,23403,S,GU280_gp02,SNP,False,False,c.1841A>G,p.Asp614Gly,VAVLYQDVNCTE,True,netmhcpan,90.0,0.0,85.0,0.0
54,AVLYQGVNCTEV,netmhcpan,55.0,0.0,67.5,0.0,12,NC_045512.2,23403,S,GU280_gp02,SNP,False,False,c.1841A>G,p.Asp614Gly,AVLYQDVNCTEV,True,netmhcpan,58.3333,0.0,72.5,0.0
55,VLYQGVNCTEVP,netmhcpan,73.75,0.0,95.0,0.0,12,NC_045512.2,23403,S,GU280_gp02,SNP,False,False,c.1841A>G,p.Asp614Gly,VLYQDVNCTEVP,True,netmhcpan,73.75,0.0,95.0,0.0
56,LYQGVNCTEVPV,netmhcpan,67.0,0.0,95.0,0.0,12,NC_045512.2,23403,S,GU280_gp02,SNP,False,False,c.1841A>G,p.Asp614Gly,LYQDVNCTEVPV,True,netmhcpan,62.1429,0.0,85.0,0.0
57,YQGVNCTEVPVA,netmhcpan,80.0,0.0,85.0,0.0,12,NC_045512.2,23403,S,GU280_gp02,SNP,False,False,c.1841A>G,p.Asp614Gly,YQDVNCTEVPVA,True,netmhcpan,54.6154,0.0,67.5,0.0
58,QGVNCTEVPVAI,netmhcpan,57.2222,0.0,72.5,0.0,12,NC_045512.2,23403,S,GU280_gp02,SNP,False,False,c.1841A>G,p.Asp614Gly,QDVNCTEVPVAI,True,netmhcpan,48.0,0.0001,30.8571,0.0001
59,GVNCTEVPVAIH,netmhcpan,71.25,0.0,85.0,0.0,12,NC_045512.2,23403,S,GU280_gp02,SNP,False,False,c.1841A>G,p.Asp614Gly,DVNCTEVPVAIH,True,netmhcpan,71.25,0.0,85.0,0.0
60,YQAGSTPCNGVK,netmhcpan,53.0769,0.0,51.25,0.0,12,NC_045512.2,23012,S,GU280_gp02,SNP,False,False,c.1450G>A,p.Glu484Lys,YQAGSTPCNGVE,True,netmhcpan,69.0,0.0,80.0,0.0
61,QAGSTPCNGVKG,netmhcpan,95.0,0.0,95.0,0.0,12,NC_045512.2,23012,S,GU280_gp02,SNP,False,False,c.1450G>A,p.Glu484Lys,QAGSTPCNGVEG,True,netmhcpan,92.5,0.0,95.0,0.0
62,AGSTPCNGVKGF,netmhcpan,8.7003,0.0033,26.4,0.0001,12,NC_045512.2,23012,S,GU280_gp02,SNP,False,False,c.1450G>A,p.Glu484Lys,AGSTPCNGVEGF,True,netmhcpan,10.9585,0.002,21.8,0.0002
63,GSTPCNGVKGFN,netmhcpan,63.5714,0.0,75.0,0.0,12,NC_045512.2,23012,S,GU280_gp02,SNP,False,False,c.1450G>A,p.Glu484Lys,GSTPCNGVEGFN,True,netmhcpan,72.5,0.0,80.0,0.0
64,STPCNGVKGFNC,netmhcpan,72.5,0.0,85.0,0.0,12,NC_045512.2,23012,S,GU280_gp02,SNP,False,False,c.1450G>A,p.Glu484Lys,STPCNGVEGFNC,True,netmhcpan,73.75,0.0,95.0,0.0
65,TPCNGVKGFNCY,netmhcpan,14.0843,0.0012,21.05,0.0002,12,NC_045512.2,23012,S,GU280_gp02,SNP,False,False,c.1450G>A,p.Glu484Lys,TPCNGVEGFNCY,True,netmhcpan,14.4277,0.0011,20.1667,0.0002
66,PCNGVKGFNCYF,netmhcpan,92.5,0.0,85.0,0.0,12,NC_045512.2,23012,S,GU280_gp02,SNP,False,False,c.1450G>A,p.Glu484Lys,PCNGVEGFNCYF,True,netmhcpan,92.5,0.0,95.0,0.0
67,CNGVKGFNCYFP,netmhcpan,100.0,0.0,100.0,0.0,12,NC_045512.2,23012,S,GU280_gp02,SNP,False,False,c.1450G>A,p.Glu484Lys,CNGVEGFNCYFP,True,netmhcpan,100.0,0.0,95.0,0.0
68,NGVKGFNCYFPL,netmhcpan,56.1111,0.0,95.0,0.0,12,NC_045512.2,23012,S,GU280_gp02,SNP,False,False,c.1450G>A,p.Glu484Lys,NGVEGFNCYFPL,True,netmhcpan,51.5385,0.0,85.0,0.0
69,GVKGFNCYFPLQ,netmhcpan,85.0,0.0,95.0,0.0,12,NC_045512.2,23012,S,GU280_gp02,SNP,False,False,c.1450G>A,p.Glu484Lys,GVEGFNCYFPLQ,True,netmhcpan,85.0,0.0,95.0,0.0
70,VKGFNCYFPLQS,netmhcpan,100.0,0.0,100.0,0.0,12,NC_045512.2,23012,S,GU280_gp02,SNP,False,False,c.1450G>A,p.Glu484Lys,VEGFNCYFPLQS,True,netmhcpan,95.0,0.0,57.5,0.0
71,KGFNCYFPLQSY,netmhcpan,35.8889,0.0001,21.35,0.0002,12,NC_045512.2,23012,S,GU280_gp02,SNP,False,False,c.1450G>A,p.Glu484Lys,EGFNCYFPLQSY,True,netmhcpan,41.8,0.0001,14.3108,0.0005
72,LLDRLNQLESKI,netmhcpan,68.0,0.0,80.0,0.0,12,NC_045512.2,28975,N,GU280_gp10,SNP,False,False,c.702G>T,p.Met234Ile,LLDRLNQLESKM,True,netmhcpan,40.8571,0.0001,75.0,0.0
73,LDRLNQLESKIS,netmhcpan,92.5,0.0,95.0,0.0,12,NC_045512.2,28975,N,GU280_gp10,SNP,False,False,c.702G>T,p.Met234Ile,LDRLNQLESKMS,True,netmhcpan,92.5,0.0,95.0,0.0
74,DRLNQLESKISG,netmhcpan,85.0,0.0,67.5,0.0,12,NC_045512.2,28975,N,GU280_gp10,SNP,False,False,c.702G>T,p.Met234Ile,DRLNQLESKMSG,True,netmhcpan,90.0,0.0,72.5,0.0
75,RLNQLESKISGK,netmhcpan,75.0,0.0,80.0,0.0,12,NC_045512.2,28975,N,GU280_gp10,SNP,False,False,c.702G>T,p.Met234Ile,RLNQLESKMSGK,True,netmhcpan,80.0,0.0,85.0,0.0
76,LNQLESKISGKG,netmhcpan,100.0,0.0,70.0,0.0,12,NC_045512.2,28975,N,GU280_gp10,SNP,False,False,c.702G>T,p.Met234Ile,LNQLESKMSGKG,True,netmhcpan,100.0,0.0,85.0,0.0
77,NQLESKISGKGQ,netmhcpan,83.3333,0.0,52.5,0.0,12,NC_045512.2,28975,N,GU280_gp10,SNP,False,False,c.702G>T,p.Met234Ile,NQLESKMSGKGQ,True,netmhcpan,83.3333,0.0,55.0,0.0
78,QLESKISGKGQQ,netmhcpan,85.0,0.0,75.0,0.0,12,NC_045512.2,28975,N,GU280_gp10,SNP,False,False,c.702G>T,p.Met234Ile,QLESKMSGKGQQ,True,netmhcpan,85.0,0.0,72.5,0.0
79,LESKISGKGQQQ,netmhcpan,73.75,0.0,16.8571,0.0003,12,NC_045512.2,28975,N,GU280_gp10,SNP,False,False,c.702G>T,p.Met234Ile,LESKMSGKGQQQ,True,netmhcpan,81.6667,0.0,22.4706,0.0002
80,ESKISGKGQQQQ,netmhcpan,80.0,0.0,80.0,0.0,12,NC_045512.2,28975,N,GU280_gp10,SNP,False,False,c.702G>T,p.Met234Ile,ESKMSGKGQQQQ,True,netmhcpan,78.3333,0.0,80.0,0.0
81,SKISGKGQQQQG,netmhcpan,95.0,0.0,53.75,0.0,12,NC_045512.2,28975,N,GU280_gp10,SNP,False,False,c.702G>T,p.Met234Ile,SKMSGKGQQQQG,True,netmhcpan,92.5,0.0,57.5,0.0
82,KISGKGQQQQGQ,netmhcpan,72.5,0.0,85.0,0.0,12,NC_045512.2,28975,N,GU280_gp10,SNP,False,False,c.702G>T,p.Met234Ile,KMSGKGQQQQGQ,True,netmhcpan,90.0,0.0,85.0,0.0
83,ISGKGQQQQGQT,netmhcpan,95.0,0.0,95.0,0.0,12,NC_045512.2,28975,N,GU280_gp10,SNP,False,False,c.702G>T,p.Met234Ile,MSGKGQQQQGQT,True,netmhcpan,92.5,0.0,95.0,0.0
84,SSRNSTPGSSRR,netmhcpan,40.4286,0.0001,41.6667,0.0,12,NC_045512.2,28883,N,GU280_gp10,SNP,False,False,c.610G>C,p.Gly204Arg,SSRNSTPGSSRG,True,netmhcpan,59.4444,0.0,70.0,0.0
85,SRNSTPGSSRRT,netmhcpan,61.4286,0.0,58.75,0.0,12,NC_045512.2,28883,N,GU280_gp10,SNP,False,False,c.610G>C,p.Gly204Arg,SRNSTPGSSRGT,True,netmhcpan,63.5714,0.0,67.5,0.0
86,RNSTPGSSRRTS,netmhcpan,6.76,0.0056,75.0,0.0,12,NC_045512.2,28883,N,GU280_gp10,SNP,False,False,c.610G>C,p.Gly204Arg,RNSTPGSSRGTS,True,netmhcpan,7.7272,0.0043,80.0,0.0
87,NSTPGSSRRTSP,netmhcpan,58.8889,0.0,80.0,0.0,12,NC_045512.2,28883,N,GU280_gp10,SNP,False,False,c.610G>C,p.Gly204Arg,NSTPGSSRGTSP,True,netmhcpan,60.7143,0.0,80.0,0.0
88,STPGSSRRTSPA,netmhcpan,25.7333,0.0003,72.5,0.0,12,NC_045512.2,28883,N,GU280_gp10,SNP,False,False,c.610G>C,p.Gly204Arg,STPGSSRGTSPA,True,netmhcpan,29.0,0.0002,80.0,0.0
89,TPGSSRRTSPAR,netmhcpan,8.7028,0.0033,50.0,0.0,12,NC_045512.2,28883,N,GU280_gp10,SNP,False,False,c.610G>C,p.Gly204Arg,TPGSSRGTSPAR,True,netmhcpan,7.0477,0.0052,44.5,0.0
90,PGSSRRTSPARM,netmhcpan,49.6667,0.0,95.0,0.0,12,NC_045512.2,28883,N,GU280_gp10,SNP,False,False,c.610G>C,p.Gly204Arg,PGSSRGTSPARM,True,netmhcpan,45.0,0.0001,95.0,0.0
91,GSSRRTSPARMA,netmhcpan,62.8571,0.0,60.0,0.0,12,NC_045512.2,28883,N,GU280_gp10,SNP,False,False,c.610G>C,p.Gly204Arg,GSSRGTSPARMA,True,netmhcpan,67.0,0.0,72.5,0.0
92,SSRRTSPARMAG,netmhcpan,34.5455,0.0001,85.0,0.0,12,NC_045512.2,28883,N,GU280_gp10,SNP,False,False,c.610G>C,p.Gly204Arg,SSRGTSPARMAG,True,netmhcpan,33.4545,0.0001,95.0,0.0
93,SRRTSPARMAGN,netmhcpan,81.6667,0.0,95.0,0.0,12,NC_045512.2,28883,N,GU280_gp10,SNP,False,False,c.610G>C,p.Gly204Arg,SRGTSPARMAGN,True,netmhcpan,92.5,0.0,95.0,0.0
94,RRTSPARMAGNG,netmhcpan,46.75,0.0001,85.0,0.0,12,NC_045512.2,28883,N,GU280_gp10,SNP,False,False,c.610G>C,p.Gly204Arg,RGTSPARMAGNG,True,netmhcpan,46.75,0.0001,100.0,0.0
95,RTSPARMAGNGG,netmhcpan,53.0769,0.0,95.0,0.0,12,NC_045512.2,28883,N,GU280_gp10,SNP,False,False,c.610G>C,p.Gly204Arg,GTSPARMAGNGG,True,netmhcpan,81.6667,0.0,100.0,0.0
96,NSSRNSTPGSSK,netmhcpan,51.1538,0.0,48.0,0.0,12,NC_045512.2,28881,N,GU280_gp10,SNP,False,False,c.608G>A,p.Arg203Lys,NSSRNSTPGSSR,True,netmhcpan,40.7143,0.0001,43.0,0.0
97,SSRNSTPGSSKG,netmhcpan,58.8889,0.0,75.0,0.0,12,NC_045512.2,28881,N,GU280_gp10,SNP,False,False,c.608G>A,p.Arg203Lys,SSRNSTPGSSRG,True,netmhcpan,59.4444,0.0,70.0,0.0
98,SRNSTPGSSKGT,netmhcpan,69.0,0.0,70.0,0.0,12,NC_045512.2,28881,N,GU280_gp10,SNP,False,False,c.608G>A,p.Arg203Lys,SRNSTPGSSRGT,True,netmhcpan,63.5714,0.0,67.5,0.0
99,RNSTPGSSKGTS,netmhcpan,12.2132,0.0016,75.0,0.0,12,NC_045512.2,28881,N,GU280_gp10,SNP,False,False,c.608G>A,p.Arg203Lys,RNSTPGSSRGTS,True,netmhcpan,7.7272,0.0043,80.0,0.0
100,NSTPGSSKGTSP,netmhcpan,60.7143,0.0,75.0,0.0,12,NC_045512.2,28881,N,GU280_gp10,SNP,False,False,c.608G>A,p.Arg203Lys,NSTPGSSRGTSP,True,netmhcpan,60.7143,0.0,80.0,0.0
101,STPGSSKGTSPA,netmhcpan,26.7692,0.0003,80.0,0.0,12,NC_045512.2,28881,N,GU280_gp10,SNP,False,False,c.608G>A,p.Arg203Lys,STPGSSRGTSPA,True,netmhcpan,29.0,0.0002,80.0,0.0
102,TPGSSKGTSPAR,netmhcpan,9.849,0.0025,41.3333,0.0,12,NC_045512.2,28881,N,GU280_gp10,SNP,False,False,c.608G>A,p.Arg203Lys,TPGSSRGTSPAR,True,netmhcpan,7.0477,0.0052,44.5,0.0
103,PGSSKGTSPARM,netmhcpan,54.6154,0.0,95.0,0.0,12,NC_045512.2,28881,N,GU280_gp10,SNP,False,False,c.608G>A,p.Arg203Lys,PGSSRGTSPARM,True,netmhcpan,45.0,0.0001,95.0,0.0
104,GSSKGTSPARMA,netmhcpan,64.2857,0.0,72.5,0.0,12,NC_045512.2,28881,N,GU280_gp10,SNP,False,False,c.608G>A,p.Arg203Lys,GSSRGTSPARMA,True,netmhcpan,67.0,0.0,72.5,0.0
105,SSKGTSPARMAG,netmhcpan,45.0,0.0001,85.0,0.0,12,NC_045512.2,28881,N,GU280_gp10,SNP,False,False,c.608G>A,p.Arg203Lys,SSRGTSPARMAG,True,netmhcpan,33.4545,0.0001,95.0,0.0
106,SKGTSPARMAGN,netmhcpan,95.0,0.0,100.0,0.0,12,NC_045512.2,28881,N,GU280_gp10,SNP,False,False,c.608G>A,p.Arg203Lys,SRGTSPARMAGN,True,netmhcpan,92.5,0.0,95.0,0.0
107,KGTSPARMAGNG,netmhcpan,64.2857,0.0,100.0,0.0,12,NC_045512.2,28881,N,GU280_gp10,SNP,False,False,c.608G>A,p.Arg203Lys,RGTSPARMAGNG,True,netmhcpan,46.75,0.0001,100.0,0.0
108,SSRNSTPGSSKR,netmhcpan,36.1111,0.0001,41.0,0.0,12,NC_045512.2,"28883,28881",N,GU280_gp10,SNP,False,False,"c.608G>A,c.610G>C","p.Arg203Lys,p.Gly204Arg",SSRNSTPGSSRG,False,netmhcpan,59.4444,0.0,70.0,0.0
109,SRNSTPGSSKRT,netmhcpan,61.4286,0.0,58.75,0.0,12,NC_045512.2,"28883,28881",N,GU280_gp10,SNP,False,False,"c.608G>A,c.610G>C","p.Arg203Lys,p.Gly204Arg",SRNSTPGSSRGT,False,netmhcpan,63.5714,0.0,67.5,0.0
110,RNSTPGSSKRTS,netmhcpan,10.2576,0.0023,70.0,0.0,12,NC_045512.2,"28883,28881",N,GU280_gp10,SNP,False,False,"c.608G>A,c.610G>C","p.Arg203Lys,p.Gly204Arg",RNSTPGSSRGTS,False,netmhcpan,7.7272,0.0043,80.0,0.0
111,NSTPGSSKRTSP,netmhcpan,56.6667,0.0,75.0,0.0,12,NC_045512.2,"28883,28881",N,GU280_gp10,SNP,False,False,"c.608G>A,c.610G>C","p.Arg203Lys,p.Gly204Arg",NSTPGSSRGTSP,False,netmhcpan,60.7143,0.0,80.0,0.0
112,STPGSSKRTSPA,netmhcpan,25.4333,0.0003,75.0,0.0,12,NC_045512.2,"28883,28881",N,GU280_gp10,SNP,False,False,"c.608G>A,c.610G>C","p.Arg203Lys,p.Gly204Arg",STPGSSRGTSPA,False,netmhcpan,29.0,0.0002,80.0,0.0
113,TPGSSKRTSPAR,netmhcpan,11.6716,0.0018,49.5,0.0,12,NC_045512.2,"28883,28881",N,GU280_gp10,SNP,False,False,"c.608G>A,c.610G>C","p.Arg203Lys,p.Gly204Arg",TPGSSRGTSPAR,False,netmhcpan,7.0477,0.0052,44.5,0.0
114,PGSSKRTSPARM,netmhcpan,60.7143,0.0,95.0,0.0,12,NC_045512.2,"28883,28881",N,GU280_gp10,SNP,False,False,"c.608G>A,c.610G>C","p.Arg203Lys,p.Gly204Arg",PGSSRGTSPARM,False,netmhcpan,45.0,0.0001,95.0,0.0
115,GSSKRTSPARMA,netmhcpan,59.4444,0.0,60.0,0.0,12,NC_045512.2,"28883,28881",N,GU280_gp10,SNP,False,False,"c.608G>A,c.610G>C","p.Arg203Lys,p.Gly204Arg",GSSRGTSPARMA,False,netmhcpan,67.0,0.0,72.5,0.0
116,SSKRTSPARMAG,netmhcpan,46.25,0.0001,85.0,0.0,12,NC_045512.2,"28883,28881",N,GU280_gp10,SNP,False,False,"c.608G>A,c.610G>C","p.Arg203Lys,p.Gly204Arg",SSRGTSPARMAG,False,netmhcpan,33.4545,0.0001,95.0,0.0
117,SKRTSPARMAGN,netmhcpan,92.5,0.0,95.0,0.0,12,NC_045512.2,"28883,28881",N,GU280_gp10,SNP,False,False,"c.608G>A,c.610G>C","p.Arg203Lys,p.Gly204Arg",SRGTSPARMAGN,False,netmhcpan,92.5,0.0,95.0,0.0
118,KRTSPARMAGNG,netmhcpan,64.2857,0.0,95.0,0.0,12,NC_045512.2,"28883,28881",N,GU280_gp10,SNP,False,False,"c.608G>A,c.610G>C","p.Arg203Lys,p.Gly204Arg",RGTSPARMAGNG,False,netmhcpan,46.75,0.0001,100.0,0.0
119,WYFYYLGTGPES,netmhcpan,90.0,0.0,100.0,0.0,12,NC_045512.2,28628,N,GU280_gp10,SNP,False,False,c.355G>T,p.Ala119Ser,WYFYYLGTGPEA,True,netmhcpan,64.2857,0.0,85.0,0.0
120,YFYYLGTGPESG,netmhcpan,90.0,0.0,95.0,0.0,12,NC_045512.2,28628,N,GU280_gp10,SNP,False,False,c.355G>T,p.Ala119Ser,YFYYLGTGPEAG,True,netmhcpan,81.6667,0.0,95.0,0.0
121,FYYLGTGPESGL,netmhcpan,21.1837,0.0005,52.5,0.0,12,NC_045512.2,28628,N,GU280_gp10,SNP,False,False,c.355G>T,p.Ala119Ser,FYYLGTGPEAGL,True,netmhcpan,25.4333,0.0003,57.5,0.0
122,YYLGTGPESGLP,netmhcpan,49.3333,0.0001,85.0,0.0,12,NC_045512.2,28628,N,GU280_gp10,SNP,False,False,c.355G>T,p.Ala119Ser,YYLGTGPEAGLP,True,netmhcpan,50.0,0.0,85.0,0.0
123,YLGTGPESGLPY,netmhcpan,33.4545,0.0001,29.0,0.0001,12,NC_045512.2,28628,N,GU280_gp10,SNP,False,False,c.355G>T,p.Ala119Ser,YLGTGPEAGLPY,True,netmhcpan,33.1818,0.0002,31.6,0.0001
124,LGTGPESGLPYG,netmhcpan,68.0,0.0,95.0,0.0,12,NC_045512.2,28628,N,GU280_gp10,SNP,False,False,c.355G>T,p.Ala119Ser,LGTGPEAGLPYG,True,netmhcpan,73.75,0.0,95.0,0.0
125,GTGPESGLPYGA,netmhcpan,80.0,0.0,16.1224,0.0003,12,NC_045512.2,28628,N,GU280_gp10,SNP,False,False,c.355G>T,p.Ala119Ser,GTGPEAGLPYGA,True,netmhcpan,80.0,0.0,14.8378,0.0004
126,TGPESGLPYGAN,netmhcpan,92.5,0.0,75.0,0.0,12,NC_045512.2,28628,N,GU280_gp10,SNP,False,False,c.355G>T,p.Ala119Ser,TGPEAGLPYGAN,True,netmhcpan,92.5,0.0,72.5,0.0
127,GPESGLPYGANK,netmhcpan,19.0735,0.0006,45.5,0.0,12,NC_045512.2,28628,N,GU280_gp10,SNP,False,False,c.355G>T,p.Ala119Ser,GPEAGLPYGANK,True,netmhcpan,19.9412,0.0005,47.0,0.0
128,PESGLPYGANKD,netmhcpan,100.0,0.0,85.0,0.0,12,NC_045512.2,28628,N,GU280_gp10,SNP,False,False,c.355G>T,p.Ala119Ser,PEAGLPYGANKD,True,netmhcpan,100.0,0.0,85.0,0.0
129,ESGLPYGANKDG,netmhcpan,81.6667,0.0,95.0,0.0,12,NC_045512.2,28628,N,GU280_gp10,SNP,False,False,c.355G>T,p.Ala119Ser,EAGLPYGANKDG,True,netmhcpan,81.6667,0.0,95.0,0.0
130,SGLPYGANKDGI,netmhcpan,48.25,0.0001,80.0,0.0,12,NC_045512.2,28628,N,GU280_gp10,SNP,False,False,c.355G>T,p.Ala119Ser,AGLPYGANKDGI,True,netmhcpan,49.3333,0.0001,80.0,0.0
