,sequence,method,HLA-A*01:01 Score,length,chr,pos,gene,transcripts,variant type,synonymous,homozygous,variant details (genomic),variant details (protein),refseq,method_refseq,HLA-A*01:01 Score_refseq
0,FNVLFSTVFPL,syfpeithi,1.0,11,NC_045512.2,14408,ORF1ab,GU280_gp01,SNP,False,False,"c.14144C>T,c.968C>T","p.Pro323Leu,p.Pro4715Leu",FNVLFSTVFPP,syfpeithi,1.0
1,NVLFSTVFPLT,syfpeithi,1.0,11,NC_045512.2,14408,ORF1ab,GU280_gp01,SNP,False,False,"c.14144C>T,c.968C>T","p.Pro323Leu,p.Pro4715Leu",NVLFSTVFPPT,syfpeithi,0.0
2,VLFSTVFPLTS,syfpeithi,4.0,11,NC_045512.2,14408,ORF1ab,GU280_gp01,SNP,False,False,"c.14144C>T,c.968C>T","p.Pro323Leu,p.Pro4715Leu",VLFSTVFPPTS,syfpeithi,1.0
3,LFSTVFPLTSF,syfpeithi,2.0,11,NC_045512.2,14408,ORF1ab,GU280_gp01,SNP,False,False,"c.14144C>T,c.968C>T","p.Pro323Leu,p.Pro4715Leu",LFSTVFPPTSF,syfpeithi,0.0
4,FSTVFPLTSFG,syfpeithi,6.0,11,NC_045512.2,14408,ORF1ab,GU280_gp01,SNP,False,False,"c.14144C>T,c.968C>T","p.Pro323Leu,p.Pro4715Leu",FSTVFPPTSFG,syfpeithi,6.0
5,STVFPLTSFGP,syfpeithi,7.0,11,NC_045512.2,14408,ORF1ab,GU280_gp01,SNP,False,False,"c.14144C>T,c.968C>T","p.Pro323Leu,p.Pro4715Leu",STVFPPTSFGP,syfpeithi,7.0
6,TVFPLTSFGPL,syfpeithi,1.0,11,NC_045512.2,14408,ORF1ab,GU280_gp01,SNP,False,False,"c.14144C>T,c.968C>T","p.Pro323Leu,p.Pro4715Leu",TVFPPTSFGPL,syfpeithi,1.0
7,VFPLTSFGPLV,syfpeithi,2.0,11,NC_045512.2,14408,ORF1ab,GU280_gp01,SNP,False,False,"c.14144C>T,c.968C>T","p.Pro323Leu,p.Pro4715Leu",VFPPTSFGPLV,syfpeithi,2.0
8,FPLTSFGPLVR,syfpeithi,4.0,11,NC_045512.2,14408,ORF1ab,GU280_gp01,SNP,False,False,"c.14144C>T,c.968C>T","p.Pro323Leu,p.Pro4715Leu",FPPTSFGPLVR,syfpeithi,4.0
9,PLTSFGPLVRK,syfpeithi,4.0,11,NC_045512.2,14408,ORF1ab,GU280_gp01,SNP,False,False,"c.14144C>T,c.968C>T","p.Pro323Leu,p.Pro4715Leu",PPTSFGPLVRK,syfpeithi,3.0
10,LTSFGPLVRKI,syfpeithi,7.0,11,NC_045512.2,14408,ORF1ab,GU280_gp01,SNP,False,False,"c.14144C>T,c.968C>T","p.Pro323Leu,p.Pro4715Leu",PTSFGPLVRKI,syfpeithi,7.0
11,SMQGAVDINKF,syfpeithi,2.0,11,NC_045512.2,12053,ORF1ab,GU280_gp01,SNP,False,False,"c.211C>T,c.11788C>T","p.Leu3930Phe,p.Leu71Phe",SMQGAVDINKL,syfpeithi,2.0
12,MQGAVDINKFC,syfpeithi,0.0,11,NC_045512.2,12053,ORF1ab,GU280_gp01,SNP,False,False,"c.211C>T,c.11788C>T","p.Leu3930Phe,p.Leu71Phe",MQGAVDINKLC,syfpeithi,1.0
13,QGAVDINKFCE,syfpeithi,2.0,11,NC_045512.2,12053,ORF1ab,GU280_gp01,SNP,False,False,"c.211C>T,c.11788C>T","p.Leu3930Phe,p.Leu71Phe",QGAVDINKLCE,syfpeithi,5.0
14,GAVDINKFCEE,syfpeithi,1.0,11,NC_045512.2,12053,ORF1ab,GU280_gp01,SNP,False,False,"c.211C>T,c.11788C>T","p.Leu3930Phe,p.Leu71Phe",GAVDINKLCEE,syfpeithi,3.0
15,AVDINKFCEEM,syfpeithi,11.0,11,NC_045512.2,12053,ORF1ab,GU280_gp01,SNP,False,False,"c.211C>T,c.11788C>T","p.Leu3930Phe,p.Leu71Phe",AVDINKLCEEM,syfpeithi,11.0
16,VDINKFCEEML,syfpeithi,0.0,11,NC_045512.2,12053,ORF1ab,GU280_gp01,SNP,False,False,"c.211C>T,c.11788C>T","p.Leu3930Phe,p.Leu71Phe",VDINKLCEEML,syfpeithi,0.0
17,DINKFCEEMLD,syfpeithi,2.0,11,NC_045512.2,12053,ORF1ab,GU280_gp01,SNP,False,False,"c.211C>T,c.11788C>T","p.Leu3930Phe,p.Leu71Phe",DINKLCEEMLD,syfpeithi,2.0
18,INKFCEEMLDN,syfpeithi,3.0,11,NC_045512.2,12053,ORF1ab,GU280_gp01,SNP,False,False,"c.211C>T,c.11788C>T","p.Leu3930Phe,p.Leu71Phe",INKLCEEMLDN,syfpeithi,4.0
19,NKFCEEMLDNR,syfpeithi,2.0,11,NC_045512.2,12053,ORF1ab,GU280_gp01,SNP,False,False,"c.211C>T,c.11788C>T","p.Leu3930Phe,p.Leu71Phe",NKLCEEMLDNR,syfpeithi,2.0
20,KFCEEMLDNRA,syfpeithi,1.0,11,NC_045512.2,12053,ORF1ab,GU280_gp01,SNP,False,False,"c.211C>T,c.11788C>T","p.Leu3930Phe,p.Leu71Phe",KLCEEMLDNRA,syfpeithi,2.0
21,FCEEMLDNRAT,syfpeithi,8.0,11,NC_045512.2,12053,ORF1ab,GU280_gp01,SNP,False,False,"c.211C>T,c.11788C>T","p.Leu3930Phe,p.Leu71Phe",LCEEMLDNRAT,syfpeithi,8.0
22,GTDTTITVNVV,syfpeithi,17.0,11,NC_045512.2,10667,ORF1ab,GU280_gp01,SNP,False,False,"c.10402T>G,c.613T>G","p.Leu3468Val,p.Leu205Val",GTDTTITVNVL,syfpeithi,17.0
23,TDTTITVNVVA,syfpeithi,1.0,11,NC_045512.2,10667,ORF1ab,GU280_gp01,SNP,False,False,"c.10402T>G,c.613T>G","p.Leu3468Val,p.Leu205Val",TDTTITVNVLA,syfpeithi,1.0
24,DTTITVNVVAW,syfpeithi,6.0,11,NC_045512.2,10667,ORF1ab,GU280_gp01,SNP,False,False,"c.10402T>G,c.613T>G","p.Leu3468Val,p.Leu205Val",DTTITVNVLAW,syfpeithi,9.0
25,TTITVNVVAWL,syfpeithi,6.0,11,NC_045512.2,10667,ORF1ab,GU280_gp01,SNP,False,False,"c.10402T>G,c.613T>G","p.Leu3468Val,p.Leu205Val",TTITVNVLAWL,syfpeithi,8.0
26,TITVNVVAWLY,syfpeithi,17.0,11,NC_045512.2,10667,ORF1ab,GU280_gp01,SNP,False,False,"c.10402T>G,c.613T>G","p.Leu3468Val,p.Leu205Val",TITVNVLAWLY,syfpeithi,17.0
27,ITVNVVAWLYA,syfpeithi,9.0,11,NC_045512.2,10667,ORF1ab,GU280_gp01,SNP,False,False,"c.10402T>G,c.613T>G","p.Leu3468Val,p.Leu205Val",ITVNVLAWLYA,syfpeithi,9.0
28,TVNVVAWLYAA,syfpeithi,3.0,11,NC_045512.2,10667,ORF1ab,GU280_gp01,SNP,False,False,"c.10402T>G,c.613T>G","p.Leu3468Val,p.Leu205Val",TVNVLAWLYAA,syfpeithi,3.0
29,VNVVAWLYAAV,syfpeithi,2.0,11,NC_045512.2,10667,ORF1ab,GU280_gp01,SNP,False,False,"c.10402T>G,c.613T>G","p.Leu3468Val,p.Leu205Val",VNVLAWLYAAV,syfpeithi,2.0
30,NVVAWLYAAVI,syfpeithi,1.0,11,NC_045512.2,10667,ORF1ab,GU280_gp01,SNP,False,False,"c.10402T>G,c.613T>G","p.Leu3468Val,p.Leu205Val",NVLAWLYAAVI,syfpeithi,1.0
31,VVAWLYAAVIN,syfpeithi,0.0,11,NC_045512.2,10667,ORF1ab,GU280_gp01,SNP,False,False,"c.10402T>G,c.613T>G","p.Leu3468Val,p.Leu205Val",VLAWLYAAVIN,syfpeithi,1.0
32,VAWLYAAVING,syfpeithi,1.0,11,NC_045512.2,10667,ORF1ab,GU280_gp01,SNP,False,False,"c.10402T>G,c.613T>G","p.Leu3468Val,p.Leu205Val",LAWLYAAVING,syfpeithi,1.0
33,LGDISGINASF,syfpeithi,10.0,11,NC_045512.2,25088,S,GU280_gp02,SNP,False,False,c.3526G>T,p.Val1176Phe,LGDISGINASV,syfpeithi,10.0
34,GDISGINASFV,syfpeithi,0.0,11,NC_045512.2,25088,S,GU280_gp02,SNP,False,False,c.3526G>T,p.Val1176Phe,GDISGINASVV,syfpeithi,1.0
35,DISGINASFVN,syfpeithi,1.0,11,NC_045512.2,25088,S,GU280_gp02,SNP,False,False,c.3526G>T,p.Val1176Phe,DISGINASVVN,syfpeithi,1.0
36,ISGINASFVNI,syfpeithi,4.0,11,NC_045512.2,25088,S,GU280_gp02,SNP,False,False,c.3526G>T,p.Val1176Phe,ISGINASVVNI,syfpeithi,4.0
37,SGINASFVNIQ,syfpeithi,1.0,11,NC_045512.2,25088,S,GU280_gp02,SNP,False,False,c.3526G>T,p.Val1176Phe,SGINASVVNIQ,syfpeithi,1.0
38,GINASFVNIQK,syfpeithi,0.0,11,NC_045512.2,25088,S,GU280_gp02,SNP,False,False,c.3526G>T,p.Val1176Phe,GINASVVNIQK,syfpeithi,0.0
39,INASFVNIQKE,syfpeithi,1.0,11,NC_045512.2,25088,S,GU280_gp02,SNP,False,False,c.3526G>T,p.Val1176Phe,INASVVNIQKE,syfpeithi,1.0
40,NASFVNIQKEI,syfpeithi,1.0,11,NC_045512.2,25088,S,GU280_gp02,SNP,False,False,c.3526G>T,p.Val1176Phe,NASVVNIQKEI,syfpeithi,2.0
41,ASFVNIQKEID,syfpeithi,6.0,11,NC_045512.2,25088,S,GU280_gp02,SNP,False,False,c.3526G>T,p.Val1176Phe,ASVVNIQKEID,syfpeithi,6.0
42,SFVNIQKEIDR,syfpeithi,1.0,11,NC_045512.2,25088,S,GU280_gp02,SNP,False,False,c.3526G>T,p.Val1176Phe,SVVNIQKEIDR,syfpeithi,1.0
43,FVNIQKEIDRL,syfpeithi,1.0,11,NC_045512.2,25088,S,GU280_gp02,SNP,False,False,c.3526G>T,p.Val1176Phe,VVNIQKEIDRL,syfpeithi,1.0
44,TSNQVAVLYQG,syfpeithi,6.0,11,NC_045512.2,23403,S,GU280_gp02,SNP,False,False,c.1841A>G,p.Asp614Gly,TSNQVAVLYQD,syfpeithi,6.0
45,SNQVAVLYQGV,syfpeithi,3.0,11,NC_045512.2,23403,S,GU280_gp02,SNP,False,False,c.1841A>G,p.Asp614Gly,SNQVAVLYQDV,syfpeithi,3.0
46,NQVAVLYQGVN,syfpeithi,1.0,11,NC_045512.2,23403,S,GU280_gp02,SNP,False,False,c.1841A>G,p.Asp614Gly,NQVAVLYQDVN,syfpeithi,1.0
47,QVAVLYQGVNC,syfpeithi,1.0,11,NC_045512.2,23403,S,GU280_gp02,SNP,False,False,c.1841A>G,p.Asp614Gly,QVAVLYQDVNC,syfpeithi,1.0
48,VAVLYQGVNCT,syfpeithi,1.0,11,NC_045512.2,23403,S,GU280_gp02,SNP,False,False,c.1841A>G,p.Asp614Gly,VAVLYQDVNCT,syfpeithi,1.0
49,AVLYQGVNCTE,syfpeithi,0.0,11,NC_045512.2,23403,S,GU280_gp02,SNP,False,False,c.1841A>G,p.Asp614Gly,AVLYQDVNCTE,syfpeithi,0.0
50,VLYQGVNCTEV,syfpeithi,2.0,11,NC_045512.2,23403,S,GU280_gp02,SNP,False,False,c.1841A>G,p.Asp614Gly,VLYQDVNCTEV,syfpeithi,2.0
51,LYQGVNCTEVP,syfpeithi,2.0,11,NC_045512.2,23403,S,GU280_gp02,SNP,False,False,c.1841A>G,p.Asp614Gly,LYQDVNCTEVP,syfpeithi,2.0
52,YQGVNCTEVPV,syfpeithi,2.0,11,NC_045512.2,23403,S,GU280_gp02,SNP,False,False,c.1841A>G,p.Asp614Gly,YQDVNCTEVPV,syfpeithi,12.0
53,QGVNCTEVPVA,syfpeithi,1.0,11,NC_045512.2,23403,S,GU280_gp02,SNP,False,False,c.1841A>G,p.Asp614Gly,QDVNCTEVPVA,syfpeithi,1.0
54,GVNCTEVPVAI,syfpeithi,0.0,11,NC_045512.2,23403,S,GU280_gp02,SNP,False,False,c.1841A>G,p.Asp614Gly,DVNCTEVPVAI,syfpeithi,0.0
55,QAGSTPCNGVK,syfpeithi,1.0,11,NC_045512.2,23012,S,GU280_gp02,SNP,False,False,c.1450G>A,p.Glu484Lys,QAGSTPCNGVE,syfpeithi,1.0
56,AGSTPCNGVKG,syfpeithi,1.0,11,NC_045512.2,23012,S,GU280_gp02,SNP,False,False,c.1450G>A,p.Glu484Lys,AGSTPCNGVEG,syfpeithi,1.0
57,GSTPCNGVKGF,syfpeithi,5.0,11,NC_045512.2,23012,S,GU280_gp02,SNP,False,False,c.1450G>A,p.Glu484Lys,GSTPCNGVEGF,syfpeithi,5.0
58,STPCNGVKGFN,syfpeithi,8.0,11,NC_045512.2,23012,S,GU280_gp02,SNP,False,False,c.1450G>A,p.Glu484Lys,STPCNGVEGFN,syfpeithi,7.0
59,TPCNGVKGFNC,syfpeithi,0.0,11,NC_045512.2,23012,S,GU280_gp02,SNP,False,False,c.1450G>A,p.Glu484Lys,TPCNGVEGFNC,syfpeithi,0.0
60,PCNGVKGFNCY,syfpeithi,15.0,11,NC_045512.2,23012,S,GU280_gp02,SNP,False,False,c.1450G>A,p.Glu484Lys,PCNGVEGFNCY,syfpeithi,15.0
61,CNGVKGFNCYF,syfpeithi,1.0,11,NC_045512.2,23012,S,GU280_gp02,SNP,False,False,c.1450G>A,p.Glu484Lys,CNGVEGFNCYF,syfpeithi,1.0
62,NGVKGFNCYFP,syfpeithi,1.0,11,NC_045512.2,23012,S,GU280_gp02,SNP,False,False,c.1450G>A,p.Glu484Lys,NGVEGFNCYFP,syfpeithi,0.0
63,GVKGFNCYFPL,syfpeithi,1.0,11,NC_045512.2,23012,S,GU280_gp02,SNP,False,False,c.1450G>A,p.Glu484Lys,GVEGFNCYFPL,syfpeithi,9.0
64,VKGFNCYFPLQ,syfpeithi,1.0,11,NC_045512.2,23012,S,GU280_gp02,SNP,False,False,c.1450G>A,p.Glu484Lys,VEGFNCYFPLQ,syfpeithi,1.0
65,KGFNCYFPLQS,syfpeithi,3.0,11,NC_045512.2,23012,S,GU280_gp02,SNP,False,False,c.1450G>A,p.Glu484Lys,EGFNCYFPLQS,syfpeithi,3.0
66,LDRLNQLESKI,syfpeithi,2.0,11,NC_045512.2,28975,N,GU280_gp10,SNP,False,False,c.702G>T,p.Met234Ile,LDRLNQLESKM,syfpeithi,2.0
67,DRLNQLESKIS,syfpeithi,0.0,11,NC_045512.2,28975,N,GU280_gp10,SNP,False,False,c.702G>T,p.Met234Ile,DRLNQLESKMS,syfpeithi,0.0
68,RLNQLESKISG,syfpeithi,2.0,11,NC_045512.2,28975,N,GU280_gp10,SNP,False,False,c.702G>T,p.Met234Ile,RLNQLESKMSG,syfpeithi,2.0
69,LNQLESKISGK,syfpeithi,1.0,11,NC_045512.2,28975,N,GU280_gp10,SNP,False,False,c.702G>T,p.Met234Ile,LNQLESKMSGK,syfpeithi,1.0
70,NQLESKISGKG,syfpeithi,1.0,11,NC_045512.2,28975,N,GU280_gp10,SNP,False,False,c.702G>T,p.Met234Ile,NQLESKMSGKG,syfpeithi,1.0
71,QLESKISGKGQ,syfpeithi,9.0,11,NC_045512.2,28975,N,GU280_gp10,SNP,False,False,c.702G>T,p.Met234Ile,QLESKMSGKGQ,syfpeithi,9.0
72,LESKISGKGQQ,syfpeithi,2.0,11,NC_045512.2,28975,N,GU280_gp10,SNP,False,False,c.702G>T,p.Met234Ile,LESKMSGKGQQ,syfpeithi,2.0
73,ESKISGKGQQQ,syfpeithi,4.0,11,NC_045512.2,28975,N,GU280_gp10,SNP,False,False,c.702G>T,p.Met234Ile,ESKMSGKGQQQ,syfpeithi,4.0
74,SKISGKGQQQQ,syfpeithi,1.0,11,NC_045512.2,28975,N,GU280_gp10,SNP,False,False,c.702G>T,p.Met234Ile,SKMSGKGQQQQ,syfpeithi,1.0
75,KISGKGQQQQG,syfpeithi,0.0,11,NC_045512.2,28975,N,GU280_gp10,SNP,False,False,c.702G>T,p.Met234Ile,KMSGKGQQQQG,syfpeithi,0.0
76,ISGKGQQQQGQ,syfpeithi,5.0,11,NC_045512.2,28975,N,GU280_gp10,SNP,False,False,c.702G>T,p.Met234Ile,MSGKGQQQQGQ,syfpeithi,5.0
77,SRNSTPGSSRR,syfpeithi,2.0,11,NC_045512.2,28883,N,GU280_gp10,SNP,False,False,c.610G>C,p.Gly204Arg,SRNSTPGSSRG,syfpeithi,2.0
78,RNSTPGSSRRT,syfpeithi,1.0,11,NC_045512.2,28883,N,GU280_gp10,SNP,False,False,c.610G>C,p.Gly204Arg,RNSTPGSSRGT,syfpeithi,0.0
79,NSTPGSSRRTS,syfpeithi,6.0,11,NC_045512.2,28883,N,GU280_gp10,SNP,False,False,c.610G>C,p.Gly204Arg,NSTPGSSRGTS,syfpeithi,6.0
80,STPGSSRRTSP,syfpeithi,8.0,11,NC_045512.2,28883,N,GU280_gp10,SNP,False,False,c.610G>C,p.Gly204Arg,STPGSSRGTSP,syfpeithi,7.0
81,TPGSSRRTSPA,syfpeithi,1.0,11,NC_045512.2,28883,N,GU280_gp10,SNP,False,False,c.610G>C,p.Gly204Arg,TPGSSRGTSPA,syfpeithi,1.0
82,PGSSRRTSPAR,syfpeithi,0.0,11,NC_045512.2,28883,N,GU280_gp10,SNP,False,False,c.610G>C,p.Gly204Arg,PGSSRGTSPAR,syfpeithi,0.0
83,GSSRRTSPARM,syfpeithi,5.0,11,NC_045512.2,28883,N,GU280_gp10,SNP,False,False,c.610G>C,p.Gly204Arg,GSSRGTSPARM,syfpeithi,5.0
84,SSRRTSPARMA,syfpeithi,5.0,11,NC_045512.2,28883,N,GU280_gp10,SNP,False,False,c.610G>C,p.Gly204Arg,SSRGTSPARMA,syfpeithi,5.0
85,SRRTSPARMAG,syfpeithi,2.0,11,NC_045512.2,28883,N,GU280_gp10,SNP,False,False,c.610G>C,p.Gly204Arg,SRGTSPARMAG,syfpeithi,2.0
86,RRTSPARMAGN,syfpeithi,0.0,11,NC_045512.2,28883,N,GU280_gp10,SNP,False,False,c.610G>C,p.Gly204Arg,RGTSPARMAGN,syfpeithi,0.0
87,RTSPARMAGNG,syfpeithi,7.0,11,NC_045512.2,28883,N,GU280_gp10,SNP,False,False,c.610G>C,p.Gly204Arg,GTSPARMAGNG,syfpeithi,7.0
88,SSRNSTPGSSK,syfpeithi,5.0,11,NC_045512.2,28881,N,GU280_gp10,SNP,False,False,c.608G>A,p.Arg203Lys,SSRNSTPGSSR,syfpeithi,5.0
89,SRNSTPGSSKG,syfpeithi,2.0,11,NC_045512.2,28881,N,GU280_gp10,SNP,False,False,c.608G>A,p.Arg203Lys,SRNSTPGSSRG,syfpeithi,2.0
90,RNSTPGSSKGT,syfpeithi,0.0,11,NC_045512.2,28881,N,GU280_gp10,SNP,False,False,c.608G>A,p.Arg203Lys,RNSTPGSSRGT,syfpeithi,0.0
91,NSTPGSSKGTS,syfpeithi,6.0,11,NC_045512.2,28881,N,GU280_gp10,SNP,False,False,c.608G>A,p.Arg203Lys,NSTPGSSRGTS,syfpeithi,6.0
92,STPGSSKGTSP,syfpeithi,7.0,11,NC_045512.2,28881,N,GU280_gp10,SNP,False,False,c.608G>A,p.Arg203Lys,STPGSSRGTSP,syfpeithi,7.0
93,TPGSSKGTSPA,syfpeithi,1.0,11,NC_045512.2,28881,N,GU280_gp10,SNP,False,False,c.608G>A,p.Arg203Lys,TPGSSRGTSPA,syfpeithi,1.0
94,PGSSKGTSPAR,syfpeithi,0.0,11,NC_045512.2,28881,N,GU280_gp10,SNP,False,False,c.608G>A,p.Arg203Lys,PGSSRGTSPAR,syfpeithi,0.0
95,GSSKGTSPARM,syfpeithi,6.0,11,NC_045512.2,28881,N,GU280_gp10,SNP,False,False,c.608G>A,p.Arg203Lys,GSSRGTSPARM,syfpeithi,5.0
96,SSKGTSPARMA,syfpeithi,5.0,11,NC_045512.2,28881,N,GU280_gp10,SNP,False,False,c.608G>A,p.Arg203Lys,SSRGTSPARMA,syfpeithi,5.0
97,SKGTSPARMAG,syfpeithi,2.0,11,NC_045512.2,28881,N,GU280_gp10,SNP,False,False,c.608G>A,p.Arg203Lys,SRGTSPARMAG,syfpeithi,2.0
98,KGTSPARMAGN,syfpeithi,0.0,11,NC_045512.2,28881,N,GU280_gp10,SNP,False,False,c.608G>A,p.Arg203Lys,RGTSPARMAGN,syfpeithi,0.0
99,SRNSTPGSSKR,syfpeithi,2.0,11,NC_045512.2,"28883,28881",N,GU280_gp10,SNP,False,False,"c.610G>C,c.608G>A","p.Arg203Lys,p.Gly204Arg",-,,
100,RNSTPGSSKRT,syfpeithi,1.0,11,NC_045512.2,"28883,28881",N,GU280_gp10,SNP,False,False,"c.610G>C,c.608G>A","p.Arg203Lys,p.Gly204Arg",-,,
101,NSTPGSSKRTS,syfpeithi,6.0,11,NC_045512.2,"28883,28881",N,GU280_gp10,SNP,False,False,"c.610G>C,c.608G>A","p.Arg203Lys,p.Gly204Arg",-,,
102,STPGSSKRTSP,syfpeithi,8.0,11,NC_045512.2,"28883,28881",N,GU280_gp10,SNP,False,False,"c.610G>C,c.608G>A","p.Arg203Lys,p.Gly204Arg",-,,
103,TPGSSKRTSPA,syfpeithi,1.0,11,NC_045512.2,"28883,28881",N,GU280_gp10,SNP,False,False,"c.610G>C,c.608G>A","p.Arg203Lys,p.Gly204Arg",-,,
104,PGSSKRTSPAR,syfpeithi,0.0,11,NC_045512.2,"28883,28881",N,GU280_gp10,SNP,False,False,"c.610G>C,c.608G>A","p.Arg203Lys,p.Gly204Arg",-,,
105,GSSKRTSPARM,syfpeithi,6.0,11,NC_045512.2,"28883,28881",N,GU280_gp10,SNP,False,False,"c.610G>C,c.608G>A","p.Arg203Lys,p.Gly204Arg",-,,
106,SSKRTSPARMA,syfpeithi,5.0,11,NC_045512.2,"28883,28881",N,GU280_gp10,SNP,False,False,"c.610G>C,c.608G>A","p.Arg203Lys,p.Gly204Arg",-,,
107,SKRTSPARMAG,syfpeithi,2.0,11,NC_045512.2,"28883,28881",N,GU280_gp10,SNP,False,False,"c.610G>C,c.608G>A","p.Arg203Lys,p.Gly204Arg",-,,
108,KRTSPARMAGN,syfpeithi,0.0,11,NC_045512.2,"28883,28881",N,GU280_gp10,SNP,False,False,"c.610G>C,c.608G>A","p.Arg203Lys,p.Gly204Arg",-,,
109,YFYYLGTGPES,syfpeithi,2.0,11,NC_045512.2,28628,N,GU280_gp10,SNP,False,False,c.355G>T,p.Ala119Ser,YFYYLGTGPEA,syfpeithi,2.0
110,FYYLGTGPESG,syfpeithi,1.0,11,NC_045512.2,28628,N,GU280_gp10,SNP,False,False,c.355G>T,p.Ala119Ser,FYYLGTGPEAG,syfpeithi,1.0
111,YYLGTGPESGL,syfpeithi,1.0,11,NC_045512.2,28628,N,GU280_gp10,SNP,False,False,c.355G>T,p.Ala119Ser,YYLGTGPEAGL,syfpeithi,1.0
112,YLGTGPESGLP,syfpeithi,3.0,11,NC_045512.2,28628,N,GU280_gp10,SNP,False,False,c.355G>T,p.Ala119Ser,YLGTGPEAGLP,syfpeithi,3.0
113,LGTGPESGLPY,syfpeithi,18.0,11,NC_045512.2,28628,N,GU280_gp10,SNP,False,False,c.355G>T,p.Ala119Ser,LGTGPEAGLPY,syfpeithi,18.0
114,GTGPESGLPYG,syfpeithi,9.0,11,NC_045512.2,28628,N,GU280_gp10,SNP,False,False,c.355G>T,p.Ala119Ser,GTGPEAGLPYG,syfpeithi,9.0
115,TGPESGLPYGA,syfpeithi,0.0,11,NC_045512.2,28628,N,GU280_gp10,SNP,False,False,c.355G>T,p.Ala119Ser,TGPEAGLPYGA,syfpeithi,0.0
116,GPESGLPYGAN,syfpeithi,9.0,11,NC_045512.2,28628,N,GU280_gp10,SNP,False,False,c.355G>T,p.Ala119Ser,GPEAGLPYGAN,syfpeithi,9.0
117,PESGLPYGANK,syfpeithi,0.0,11,NC_045512.2,28628,N,GU280_gp10,SNP,False,False,c.355G>T,p.Ala119Ser,PEAGLPYGANK,syfpeithi,0.0
118,ESGLPYGANKD,syfpeithi,6.0,11,NC_045512.2,28628,N,GU280_gp10,SNP,False,False,c.355G>T,p.Ala119Ser,EAGLPYGANKD,syfpeithi,2.0
119,SGLPYGANKDG,syfpeithi,2.0,11,NC_045512.2,28628,N,GU280_gp10,SNP,False,False,c.355G>T,p.Ala119Ser,AGLPYGANKDG,syfpeithi,1.0
