,sequence,method,HLA-B*07:02 Rank,HLA-B*07:02 Score,HLA-B*15:01 Rank,HLA-B*15:01 Score,HLA-B*44:03 Rank,HLA-B*44:03 Score,length,chr,pos,gene,transcripts,variant type,synonymous,homozygous,variant details (genomic),variant details (protein),refseq,single_mutation,method_refseq,HLA-B*07:02 Rank_refseq,HLA-B*07:02 Score_refseq,HLA-B*15:01 Rank_refseq,HLA-B*15:01 Score_refseq,HLA-B*44:03 Rank_refseq,HLA-B*44:03 Score_refseq
0,TKFKTEGLCVDV,netmhcpan,83.3333,0.0,90.0,0.0,72.5,0.0,12,NC_045512.2,18163,ORF1ab,GU280_gp01,SNP,False,False,"c.124A>G,c.17899A>G","p.Ile5967Val,p.Ile42Val",TKFKTEGLCVDI,True,netmhcpan,83.3333,0.0,90.0,0.0,75.0,0.0
1,KFKTEGLCVDVP,netmhcpan,83.3333,0.0,83.3333,0.0,85.0,0.0,12,NC_045512.2,18163,ORF1ab,GU280_gp01,SNP,False,False,"c.124A>G,c.17899A>G","p.Ile5967Val,p.Ile42Val",KFKTEGLCVDIP,True,netmhcpan,90.0,0.0,87.5,0.0,95.0,0.0
2,FKTEGLCVDVPG,netmhcpan,100.0,0.0,100.0,0.0,100.0,0.0,12,NC_045512.2,18163,ORF1ab,GU280_gp01,SNP,False,False,"c.124A>G,c.17899A>G","p.Ile5967Val,p.Ile42Val",FKTEGLCVDIPG,True,netmhcpan,100.0,0.0,100.0,0.0,100.0,0.0
3,KTEGLCVDVPGI,netmhcpan,76.6667,0.0,76.6667,0.0,80.0,0.0,12,NC_045512.2,18163,ORF1ab,GU280_gp01,SNP,False,False,"c.124A>G,c.17899A>G","p.Ile5967Val,p.Ile42Val",KTEGLCVDIPGI,True,netmhcpan,76.6667,0.0,76.6667,0.0,80.0,0.0
4,TEGLCVDVPGIP,netmhcpan,85.0,0.0,87.5,0.0,20.375,0.0002,12,NC_045512.2,18163,ORF1ab,GU280_gp01,SNP,False,False,"c.124A>G,c.17899A>G","p.Ile5967Val,p.Ile42Val",TEGLCVDIPGIP,True,netmhcpan,85.0,0.0,87.5,0.0,19.2222,0.0002
5,EGLCVDVPGIPK,netmhcpan,63.5714,0.0,76.6667,0.0,56.25,0.0,12,NC_045512.2,18163,ORF1ab,GU280_gp01,SNP,False,False,"c.124A>G,c.17899A>G","p.Ile5967Val,p.Ile42Val",EGLCVDIPGIPK,True,netmhcpan,64.2857,0.0,76.6667,0.0,55.0,0.0
6,GLCVDVPGIPKD,netmhcpan,95.0,0.0,85.0,0.0,95.0,0.0,12,NC_045512.2,18163,ORF1ab,GU280_gp01,SNP,False,False,"c.124A>G,c.17899A>G","p.Ile5967Val,p.Ile42Val",GLCVDIPGIPKD,True,netmhcpan,95.0,0.0,83.3333,0.0,85.0,0.0
7,LCVDVPGIPKDM,netmhcpan,60.7143,0.0,60.625,0.0,85.0,0.0,12,NC_045512.2,18163,ORF1ab,GU280_gp01,SNP,False,False,"c.124A>G,c.17899A>G","p.Ile5967Val,p.Ile42Val",LCVDIPGIPKDM,True,netmhcpan,63.5714,0.0,65.0,0.0,80.0,0.0
8,CVDVPGIPKDMT,netmhcpan,72.5,0.0,95.0,0.0,100.0,0.0,12,NC_045512.2,18163,ORF1ab,GU280_gp01,SNP,False,False,"c.124A>G,c.17899A>G","p.Ile5967Val,p.Ile42Val",CVDIPGIPKDMT,True,netmhcpan,72.5,0.0,95.0,0.0,100.0,0.0
9,VDVPGIPKDMTY,netmhcpan,30.5882,0.0002,3.901,0.0372,3.4412,0.0122,12,NC_045512.2,18163,ORF1ab,GU280_gp01,SNP,False,False,"c.124A>G,c.17899A>G","p.Ile5967Val,p.Ile42Val",VDIPGIPKDMTY,True,netmhcpan,32.3077,0.0002,3.7285,0.0409,2.6377,0.0204
10,DVPGIPKDMTYR,netmhcpan,50.3846,0.0,28.1724,0.0003,47.0,0.0,12,NC_045512.2,18163,ORF1ab,GU280_gp01,SNP,False,False,"c.124A>G,c.17899A>G","p.Ile5967Val,p.Ile42Val",DIPGIPKDMTYR,True,netmhcpan,53.8462,0.0,32.15,0.0002,58.75,0.0
11,VPGIPKDMTYRR,netmhcpan,20.9821,0.0005,34.1333,0.0002,46.0,0.0,12,NC_045512.2,18163,ORF1ab,GU280_gp01,SNP,False,False,"c.124A>G,c.17899A>G","p.Ile5967Val,p.Ile42Val",IPGIPKDMTYRR,True,netmhcpan,22.5476,0.0004,35.9333,0.0002,50.0,0.0
12,NFNVLFSTVFPL,netmhcpan,53.0769,0.0,49.25,0.0001,67.5,0.0,12,NC_045512.2,14408,ORF1ab,GU280_gp01,SNP,False,False,"c.14144C>T,c.968C>T","p.Pro323Leu,p.Pro4715Leu",NFNVLFSTVFPP,True,netmhcpan,92.5,0.0,80.0,0.0,95.0,0.0
13,FNVLFSTVFPLT,netmhcpan,95.0,0.0,85.0,0.0,100.0,0.0,12,NC_045512.2,14408,ORF1ab,GU280_gp01,SNP,False,False,"c.14144C>T,c.968C>T","p.Pro323Leu,p.Pro4715Leu",FNVLFSTVFPPT,True,netmhcpan,95.0,0.0,95.0,0.0,100.0,0.0
14,NVLFSTVFPLTS,netmhcpan,83.3333,0.0,85.0,0.0,95.0,0.0,12,NC_045512.2,14408,ORF1ab,GU280_gp01,SNP,False,False,"c.14144C>T,c.968C>T","p.Pro323Leu,p.Pro4715Leu",NVLFSTVFPPTS,True,netmhcpan,83.3333,0.0,87.5,0.0,95.0,0.0
15,VLFSTVFPLTSF,netmhcpan,19.6176,0.0006,1.1393,0.2372,29.8333,0.0001,12,NC_045512.2,14408,ORF1ab,GU280_gp01,SNP,False,False,"c.14144C>T,c.968C>T","p.Pro323Leu,p.Pro4715Leu",VLFSTVFPPTSF,True,netmhcpan,10.4716,0.0022,0.479,0.4893,19.9259,0.0002
16,LFSTVFPLTSFG,netmhcpan,85.0,0.0,59.1667,0.0,95.0,0.0,12,NC_045512.2,14408,ORF1ab,GU280_gp01,SNP,False,False,"c.14144C>T,c.968C>T","p.Pro323Leu,p.Pro4715Leu",LFSTVFPPTSFG,True,netmhcpan,49.6667,0.0,46.0,0.0001,75.0,0.0
17,FSTVFPLTSFGP,netmhcpan,90.0,0.0,78.3333,0.0,95.0,0.0,12,NC_045512.2,14408,ORF1ab,GU280_gp01,SNP,False,False,"c.14144C>T,c.968C>T","p.Pro323Leu,p.Pro4715Leu",FSTVFPPTSFGP,True,netmhcpan,69.0,0.0,67.5,0.0,85.0,0.0
18,STVFPLTSFGPL,netmhcpan,1.5177,0.093,33.5,0.0002,67.5,0.0,12,NC_045512.2,14408,ORF1ab,GU280_gp01,SNP,False,False,"c.14144C>T,c.968C>T","p.Pro323Leu,p.Pro4715Leu",STVFPPTSFGPL,True,netmhcpan,2.3764,0.0441,24.76,0.0005,50.0,0.0
19,TVFPLTSFGPLV,netmhcpan,26.9231,0.0003,41.125,0.0001,55.0,0.0,12,NC_045512.2,14408,ORF1ab,GU280_gp01,SNP,False,False,"c.14144C>T,c.968C>T","p.Pro323Leu,p.Pro4715Leu",TVFPPTSFGPLV,True,netmhcpan,11.4135,0.0019,22.9143,0.0006,40.5,0.0
20,VFPLTSFGPLVR,netmhcpan,44.75,0.0001,67.5,0.0,58.75,0.0,12,NC_045512.2,14408,ORF1ab,GU280_gp01,SNP,False,False,"c.14144C>T,c.968C>T","p.Pro323Leu,p.Pro4715Leu",VFPPTSFGPLVR,True,netmhcpan,42.8,0.0001,57.9167,0.0,44.5,0.0
21,FPLTSFGPLVRK,netmhcpan,11.9032,0.0017,42.8571,0.0001,43.5,0.0,12,NC_045512.2,14408,ORF1ab,GU280_gp01,SNP,False,False,"c.14144C>T,c.968C>T","p.Pro323Leu,p.Pro4715Leu",FPPTSFGPLVRK,True,netmhcpan,11.4897,0.0018,42.0,0.0001,39.5,0.0
22,PLTSFGPLVRKI,netmhcpan,92.5,0.0,85.0,0.0,80.0,0.0,12,NC_045512.2,14408,ORF1ab,GU280_gp01,SNP,False,False,"c.14144C>T,c.968C>T","p.Pro323Leu,p.Pro4715Leu",PPTSFGPLVRKI,True,netmhcpan,35.4444,0.0001,87.5,0.0,72.5,0.0
23,LTSFGPLVRKIF,netmhcpan,50.7692,0.0,13.5695,0.0022,56.25,0.0,12,NC_045512.2,14408,ORF1ab,GU280_gp01,SNP,False,False,"c.14144C>T,c.968C>T","p.Pro323Leu,p.Pro4715Leu",PTSFGPLVRKIF,True,netmhcpan,76.6667,0.0,28.3448,0.0003,62.5,0.0
24,VVTTVMFLARGV,netmhcpan,90.0,0.0,81.6667,0.0,95.0,0.0,12,NC_045512.2,11537,ORF1ab,GU280_gp01,SNP,False,False,"c.11272A>G,c.565A>G","p.Ile189Val,p.Ile3758Val",VVTTVMFLARGI,True,netmhcpan,83.3333,0.0,80.0,0.0,95.0,0.0
25,VTTVMFLARGVV,netmhcpan,69.0,0.0,59.1667,0.0,95.0,0.0,12,NC_045512.2,11537,ORF1ab,GU280_gp01,SNP,False,False,"c.11272A>G,c.565A>G","p.Ile189Val,p.Ile3758Val",VTTVMFLARGIV,True,netmhcpan,80.0,0.0,71.0,0.0,95.0,0.0
26,TTVMFLARGVVF,netmhcpan,33.5455,0.0001,11.2593,0.0035,40.5,0.0,12,NC_045512.2,11537,ORF1ab,GU280_gp01,SNP,False,False,"c.11272A>G,c.565A>G","p.Ile189Val,p.Ile3758Val",TTVMFLARGIVF,True,netmhcpan,37.25,0.0001,12.8435,0.0025,41.0,0.0
27,TVMFLARGVVFM,netmhcpan,44.25,0.0001,29.6296,0.0003,75.0,0.0,12,NC_045512.2,11537,ORF1ab,GU280_gp01,SNP,False,False,"c.11272A>G,c.565A>G","p.Ile189Val,p.Ile3758Val",TVMFLARGIVFM,True,netmhcpan,45.25,0.0001,29.2593,0.0003,72.5,0.0
28,VMFLARGVVFMC,netmhcpan,85.0,0.0,39.3,0.0001,95.0,0.0,12,NC_045512.2,11537,ORF1ab,GU280_gp01,SNP,False,False,"c.11272A>G,c.565A>G","p.Ile189Val,p.Ile3758Val",VMFLARGIVFMC,True,netmhcpan,90.0,0.0,42.1429,0.0001,95.0,0.0
29,MFLARGVVFMCV,netmhcpan,62.1429,0.0,87.5,0.0,85.0,0.0,12,NC_045512.2,11537,ORF1ab,GU280_gp01,SNP,False,False,"c.11272A>G,c.565A>G","p.Ile189Val,p.Ile3758Val",MFLARGIVFMCV,True,netmhcpan,67.0,0.0,90.0,0.0,95.0,0.0
30,FLARGVVFMCVE,netmhcpan,90.0,0.0,72.0,0.0,100.0,0.0,12,NC_045512.2,11537,ORF1ab,GU280_gp01,SNP,False,False,"c.11272A>G,c.565A>G","p.Ile189Val,p.Ile3758Val",FLARGIVFMCVE,True,netmhcpan,92.5,0.0,66.6667,0.0,100.0,0.0
31,LARGVVFMCVEY,netmhcpan,48.5,0.0001,5.1396,0.0211,34.0,0.0001,12,NC_045512.2,11537,ORF1ab,GU280_gp01,SNP,False,False,"c.11272A>G,c.565A>G","p.Ile189Val,p.Ile3758Val",LARGIVFMCVEY,True,netmhcpan,51.1538,0.0,5.3608,0.0193,36.3333,0.0
32,ARGVVFMCVEYC,netmhcpan,95.0,0.0,65.8333,0.0,70.0,0.0,12,NC_045512.2,11537,ORF1ab,GU280_gp01,SNP,False,False,"c.11272A>G,c.565A>G","p.Ile189Val,p.Ile3758Val",ARGIVFMCVEYC,True,netmhcpan,95.0,0.0,73.0,0.0,70.0,0.0
33,RGVVFMCVEYCP,netmhcpan,100.0,0.0,78.3333,0.0,100.0,0.0,12,NC_045512.2,11537,ORF1ab,GU280_gp01,SNP,False,False,"c.11272A>G,c.565A>G","p.Ile189Val,p.Ile3758Val",RGIVFMCVEYCP,True,netmhcpan,100.0,0.0,81.6667,0.0,100.0,0.0
34,GVVFMCVEYCPI,netmhcpan,92.5,0.0,81.6667,0.0,100.0,0.0,12,NC_045512.2,11537,ORF1ab,GU280_gp01,SNP,False,False,"c.11272A>G,c.565A>G","p.Ile189Val,p.Ile3758Val",GIVFMCVEYCPI,True,netmhcpan,95.0,0.0,83.3333,0.0,100.0,0.0
35,VVFMCVEYCPIF,netmhcpan,90.0,0.0,20.701,0.0007,67.5,0.0,12,NC_045512.2,11537,ORF1ab,GU280_gp01,SNP,False,False,"c.11272A>G,c.565A>G","p.Ile189Val,p.Ile3758Val",IVFMCVEYCPIF,True,netmhcpan,90.0,0.0,20.4227,0.0008,70.0,0.0
36,SPSGVYQCAMRH,netmhcpan,6.5893,0.0059,38.1,0.0001,21.7,0.0002,12,NC_045512.2,10449,ORF1ab,GU280_gp01,SNP,False,False,"c.395C>A,c.10184C>A","p.Pro132His,p.Pro3395His",SPSGVYQCAMRP,True,netmhcpan,14.9157,0.001,85.0,0.0,40.5,0.0
37,PSGVYQCAMRHN,netmhcpan,100.0,0.0,100.0,0.0,100.0,0.0,12,NC_045512.2,10449,ORF1ab,GU280_gp01,SNP,False,False,"c.395C>A,c.10184C>A","p.Pro132His,p.Pro3395His",PSGVYQCAMRPN,True,netmhcpan,100.0,0.0,100.0,0.0,100.0,0.0
38,SGVYQCAMRHNF,netmhcpan,56.6667,0.0,7.445,0.0094,22.4118,0.0002,12,NC_045512.2,10449,ORF1ab,GU280_gp01,SNP,False,False,"c.395C>A,c.10184C>A","p.Pro132His,p.Pro3395His",SGVYQCAMRPNF,True,netmhcpan,58.3333,0.0,9.6047,0.0051,33.75,0.0001
39,GVYQCAMRHNFT,netmhcpan,83.3333,0.0,53.8889,0.0,80.0,0.0,12,NC_045512.2,10449,ORF1ab,GU280_gp01,SNP,False,False,"c.395C>A,c.10184C>A","p.Pro132His,p.Pro3395His",GVYQCAMRPNFT,True,netmhcpan,80.0,0.0,56.25,0.0,85.0,0.0
40,VYQCAMRHNFTI,netmhcpan,48.75,0.0001,67.5,0.0,75.0,0.0,12,NC_045512.2,10449,ORF1ab,GU280_gp01,SNP,False,False,"c.395C>A,c.10184C>A","p.Pro132His,p.Pro3395His",VYQCAMRPNFTI,True,netmhcpan,41.2,0.0001,58.75,0.0,65.0,0.0
41,YQCAMRHNFTIK,netmhcpan,73.75,0.0,31.4762,0.0002,75.0,0.0,12,NC_045512.2,10449,ORF1ab,GU280_gp01,SNP,False,False,"c.395C>A,c.10184C>A","p.Pro132His,p.Pro3395His",YQCAMRPNFTIK,True,netmhcpan,50.0,0.0,13.7699,0.0021,62.5,0.0
42,QCAMRHNFTIKG,netmhcpan,95.0,0.0,95.0,0.0,80.0,0.0,12,NC_045512.2,10449,ORF1ab,GU280_gp01,SNP,False,False,"c.395C>A,c.10184C>A","p.Pro132His,p.Pro3395His",QCAMRPNFTIKG,True,netmhcpan,92.5,0.0,81.6667,0.0,85.0,0.0
43,CAMRHNFTIKGS,netmhcpan,95.0,0.0,95.0,0.0,95.0,0.0,12,NC_045512.2,10449,ORF1ab,GU280_gp01,SNP,False,False,"c.395C>A,c.10184C>A","p.Pro132His,p.Pro3395His",CAMRPNFTIKGS,True,netmhcpan,73.75,0.0,87.5,0.0,95.0,0.0
44,AMRHNFTIKGSF,netmhcpan,14.1084,0.0012,2.2271,0.1017,27.875,0.0001,12,NC_045512.2,10449,ORF1ab,GU280_gp01,SNP,False,False,"c.395C>A,c.10184C>A","p.Pro132His,p.Pro3395His",AMRPNFTIKGSF,True,netmhcpan,5.6377,0.0082,0.8005,0.3379,23.6667,0.0001
45,MRHNFTIKGSFL,netmhcpan,26.2692,0.0003,55.4167,0.0,44.5,0.0,12,NC_045512.2,10449,ORF1ab,GU280_gp01,SNP,False,False,"c.395C>A,c.10184C>A","p.Pro132His,p.Pro3395His",MRPNFTIKGSFL,True,netmhcpan,4.1999,0.0148,55.0,0.0,47.0,0.0
46,RHNFTIKGSFLN,netmhcpan,57.2222,0.0,80.0,0.0,75.0,0.0,12,NC_045512.2,10449,ORF1ab,GU280_gp01,SNP,False,False,"c.395C>A,c.10184C>A","p.Pro132His,p.Pro3395His",RPNFTIKGSFLN,True,netmhcpan,3.9308,0.0167,81.6667,0.0,70.0,0.0
47,HNFTIKGSFLNG,netmhcpan,85.0,0.0,83.3333,0.0,95.0,0.0,12,NC_045512.2,10449,ORF1ab,GU280_gp01,SNP,False,False,"c.395C>A,c.10184C>A","p.Pro132His,p.Pro3395His",PNFTIKGSFLNG,True,netmhcpan,100.0,0.0,100.0,0.0,100.0,0.0
48,SGSDVLYQPPQI,netmhcpan,48.5,0.0001,62.5,0.0,57.5,0.0,12,NC_045512.2,10029,ORF1ab,GU280_gp01,SNP,False,False,"c.9764C>T,c.1475C>T","p.Thr492Ile,p.Thr3255Ile",SGSDVLYQPPQT,True,netmhcpan,81.6667,0.0,87.5,0.0,75.0,0.0
49,GSDVLYQPPQIS,netmhcpan,68.0,0.0,38.5,0.0001,72.5,0.0,12,NC_045512.2,10029,ORF1ab,GU280_gp01,SNP,False,False,"c.9764C>T,c.1475C>T","p.Thr492Ile,p.Thr3255Ile",GSDVLYQPPQTS,True,netmhcpan,54.6154,0.0,24.92,0.0005,57.5,0.0
50,SDVLYQPPQISI,netmhcpan,15.3926,0.001,39.8,0.0001,12.664,0.0006,12,NC_045512.2,10029,ORF1ab,GU280_gp01,SNP,False,False,"c.9764C>T,c.1475C>T","p.Thr492Ile,p.Thr3255Ile",SDVLYQPPQTSI,True,netmhcpan,11.6628,0.0018,30.8333,0.0003,12.312,0.0007
51,DVLYQPPQISIT,netmhcpan,62.1429,0.0,76.6667,0.0,75.0,0.0,12,NC_045512.2,10029,ORF1ab,GU280_gp01,SNP,False,False,"c.9764C>T,c.1475C>T","p.Thr492Ile,p.Thr3255Ile",DVLYQPPQTSIT,True,netmhcpan,55.5556,0.0,71.0,0.0,75.0,0.0
52,VLYQPPQISITS,netmhcpan,27.1429,0.0003,21.975,0.0006,72.5,0.0,12,NC_045512.2,10029,ORF1ab,GU280_gp01,SNP,False,False,"c.9764C>T,c.1475C>T","p.Thr492Ile,p.Thr3255Ile",VLYQPPQTSITS,True,netmhcpan,25.2667,0.0003,21.95,0.0006,67.5,0.0
53,LYQPPQISITSA,netmhcpan,8.9194,0.0031,49.5,0.0001,56.25,0.0,12,NC_045512.2,10029,ORF1ab,GU280_gp01,SNP,False,False,"c.9764C>T,c.1475C>T","p.Thr492Ile,p.Thr3255Ile",LYQPPQTSITSA,True,netmhcpan,6.4132,0.0062,47.6,0.0001,56.25,0.0
54,YQPPQISITSAV,netmhcpan,19.0441,0.0006,9.5615,0.0052,41.3333,0.0,12,NC_045512.2,10029,ORF1ab,GU280_gp01,SNP,False,False,"c.9764C>T,c.1475C>T","p.Thr492Ile,p.Thr3255Ile",YQPPQTSITSAV,True,netmhcpan,20.1607,0.0005,10.8487,0.0038,44.5,0.0
55,QPPQISITSAVL,netmhcpan,1.4392,0.1019,43.8571,0.0001,49.0,0.0,12,NC_045512.2,10029,ORF1ab,GU280_gp01,SNP,False,False,"c.9764C>T,c.1475C>T","p.Thr492Ile,p.Thr3255Ile",QPPQTSITSAVL,True,netmhcpan,1.3619,0.1111,48.8,0.0001,49.5,0.0
56,PPQISITSAVLQ,netmhcpan,61.4286,0.0,90.0,0.0,100.0,0.0,12,NC_045512.2,10029,ORF1ab,GU280_gp01,SNP,False,False,"c.9764C>T,c.1475C>T","p.Thr492Ile,p.Thr3255Ile",PPQTSITSAVLQ,True,netmhcpan,51.5385,0.0,90.0,0.0,95.0,0.0
57,PQISITSAVLQS,netmhcpan,95.0,0.0,85.0,0.0,95.0,0.0,12,NC_045512.2,10029,ORF1ab,GU280_gp01,SNP,False,False,"c.9764C>T,c.1475C>T","p.Thr492Ile,p.Thr3255Ile",PQTSITSAVLQS,True,netmhcpan,100.0,0.0,95.0,0.0,100.0,0.0
58,QISITSAVLQSG,netmhcpan,90.0,0.0,90.0,0.0,95.0,0.0,12,NC_045512.2,10029,ORF1ab,GU280_gp01,SNP,False,False,"c.9764C>T,c.1475C>T","p.Thr492Ile,p.Thr3255Ile",QTSITSAVLQSG,True,netmhcpan,95.0,0.0,95.0,0.0,95.0,0.0
59,ISITSAVLQSGF,netmhcpan,58.8889,0.0,10.2902,0.0044,53.75,0.0,12,NC_045512.2,10029,ORF1ab,GU280_gp01,SNP,False,False,"c.9764C>T,c.1475C>T","p.Thr492Ile,p.Thr3255Ile",TSITSAVLQSGF,True,netmhcpan,51.1538,0.0,11.7531,0.0031,43.0,0.0
60,INAQVAKSHNIT,netmhcpan,83.3333,0.0,81.6667,0.0,85.0,0.0,12,NC_045512.2,8393,ORF1ab,GU280_gp01,SNP,False,False,"c.5674G>A,c.8128G>A","p.Ala2710Thr,p.Ala1892Thr",INAQVAKSHNIA,True,netmhcpan,64.2857,0.0,61.875,0.0,67.5,0.0
61,NAQVAKSHNITL,netmhcpan,9.6795,0.0027,21.1125,0.0007,49.0,0.0,12,NC_045512.2,8393,ORF1ab,GU280_gp01,SNP,False,False,"c.5674G>A,c.8128G>A","p.Ala2710Thr,p.Ala1892Thr",NAQVAKSHNIAL,True,netmhcpan,7.7677,0.0042,22.5429,0.0006,53.75,0.0
62,AQVAKSHNITLI,netmhcpan,40.1429,0.0001,16.2474,0.0014,19.8889,0.0002,12,NC_045512.2,8393,ORF1ab,GU280_gp01,SNP,False,False,"c.5674G>A,c.8128G>A","p.Ala2710Thr,p.Ala1892Thr",AQVAKSHNIALI,True,netmhcpan,33.0,0.0002,18.45,0.001,20.4167,0.0002
63,QVAKSHNITLIW,netmhcpan,43.4,0.0001,24.78,0.0005,16.0408,0.0004,12,NC_045512.2,8393,ORF1ab,GU280_gp01,SNP,False,False,"c.5674G>A,c.8128G>A","p.Ala2710Thr,p.Ala1892Thr",QVAKSHNIALIW,True,netmhcpan,43.6,0.0001,30.0,0.0003,16.4082,0.0003
64,VAKSHNITLIWN,netmhcpan,56.1111,0.0,68.3333,0.0,67.5,0.0,12,NC_045512.2,8393,ORF1ab,GU280_gp01,SNP,False,False,"c.5674G>A,c.8128G>A","p.Ala2710Thr,p.Ala1892Thr",VAKSHNIALIWN,True,netmhcpan,55.5556,0.0,72.0,0.0,70.0,0.0
65,AKSHNITLIWNV,netmhcpan,85.0,0.0,78.3333,0.0,45.5,0.0,12,NC_045512.2,8393,ORF1ab,GU280_gp01,SNP,False,False,"c.5674G>A,c.8128G>A","p.Ala2710Thr,p.Ala1892Thr",AKSHNIALIWNV,True,netmhcpan,90.0,0.0,83.3333,0.0,50.0,0.0
66,KSHNITLIWNVK,netmhcpan,69.0,0.0,43.0,0.0001,70.0,0.0,12,NC_045512.2,8393,ORF1ab,GU280_gp01,SNP,False,False,"c.5674G>A,c.8128G>A","p.Ala2710Thr,p.Ala1892Thr",KSHNIALIWNVK,True,netmhcpan,72.5,0.0,48.6,0.0001,72.5,0.0
67,SHNITLIWNVKD,netmhcpan,95.0,0.0,95.0,0.0,95.0,0.0,12,NC_045512.2,8393,ORF1ab,GU280_gp01,SNP,False,False,"c.5674G>A,c.8128G>A","p.Ala2710Thr,p.Ala1892Thr",SHNIALIWNVKD,True,netmhcpan,95.0,0.0,95.0,0.0,95.0,0.0
68,HNITLIWNVKDF,netmhcpan,80.0,0.0,24.78,0.0005,42.0,0.0,12,NC_045512.2,8393,ORF1ab,GU280_gp01,SNP,False,False,"c.5674G>A,c.8128G>A","p.Ala2710Thr,p.Ala1892Thr",HNIALIWNVKDF,True,netmhcpan,78.3333,0.0,24.76,0.0005,44.5,0.0
69,NITLIWNVKDFM,netmhcpan,73.75,0.0,74.0,0.0,95.0,0.0,12,NC_045512.2,8393,ORF1ab,GU280_gp01,SNP,False,False,"c.5674G>A,c.8128G>A","p.Ala2710Thr,p.Ala1892Thr",NIALIWNVKDFM,True,netmhcpan,65.0,0.0,63.75,0.0,85.0,0.0
70,ITLIWNVKDFMS,netmhcpan,95.0,0.0,95.0,0.0,100.0,0.0,12,NC_045512.2,8393,ORF1ab,GU280_gp01,SNP,False,False,"c.5674G>A,c.8128G>A","p.Ala2710Thr,p.Ala1892Thr",IALIWNVKDFMS,True,netmhcpan,95.0,0.0,95.0,0.0,100.0,0.0
71,TLIWNVKDFMSL,netmhcpan,32.7692,0.0002,21.6125,0.0007,58.75,0.0,12,NC_045512.2,8393,ORF1ab,GU280_gp01,SNP,False,False,"c.5674G>A,c.8128G>A","p.Ala2710Thr,p.Ala1892Thr",ALIWNVKDFMSL,True,netmhcpan,27.5714,0.0002,15.087,0.0017,52.5,0.0
72,LDERIDKVLNER,netmhcpan,78.3333,0.0,83.3333,0.0,70.0,0.0,12,NC_045512.2,2832,ORF1ab,GU280_gp01,SNP,False,False,"c.113A>G,c.2567A>G","p.Lys38Arg,p.Lys856Arg",LDERIDKVLNEK,True,netmhcpan,83.3333,0.0,74.0,0.0,55.0,0.0
73,DERIDKVLNERC,netmhcpan,85.0,0.0,90.0,0.0,36.0,0.0,12,NC_045512.2,2832,ORF1ab,GU280_gp01,SNP,False,False,"c.113A>G,c.2567A>G","p.Lys38Arg,p.Lys856Arg",DERIDKVLNEKC,True,netmhcpan,85.0,0.0,90.0,0.0,32.0,0.0001
74,ERIDKVLNERCS,netmhcpan,90.0,0.0,95.0,0.0,60.0,0.0,12,NC_045512.2,2832,ORF1ab,GU280_gp01,SNP,False,False,"c.113A>G,c.2567A>G","p.Lys38Arg,p.Lys856Arg",ERIDKVLNEKCS,True,netmhcpan,90.0,0.0,95.0,0.0,65.0,0.0
75,RIDKVLNERCSA,netmhcpan,36.2222,0.0001,51.9444,0.0001,85.0,0.0,12,NC_045512.2,2832,ORF1ab,GU280_gp01,SNP,False,False,"c.113A>G,c.2567A>G","p.Lys38Arg,p.Lys856Arg",RIDKVLNEKCSA,True,netmhcpan,45.75,0.0001,53.6111,0.0,80.0,0.0
76,IDKVLNERCSAY,netmhcpan,62.8571,0.0,4.9685,0.0227,18.0,0.0003,12,NC_045512.2,2832,ORF1ab,GU280_gp01,SNP,False,False,"c.113A>G,c.2567A>G","p.Lys38Arg,p.Lys856Arg",IDKVLNEKCSAY,True,netmhcpan,62.1429,0.0,3.8042,0.0393,16.1224,0.0003
77,DKVLNERCSAYT,netmhcpan,95.0,0.0,71.0,0.0,80.0,0.0,12,NC_045512.2,2832,ORF1ab,GU280_gp01,SNP,False,False,"c.113A>G,c.2567A>G","p.Lys38Arg,p.Lys856Arg",DKVLNEKCSAYT,True,netmhcpan,95.0,0.0,63.125,0.0,80.0,0.0
78,KVLNERCSAYTV,netmhcpan,41.4,0.0001,31.7143,0.0002,27.25,0.0001,12,NC_045512.2,2832,ORF1ab,GU280_gp01,SNP,False,False,"c.113A>G,c.2567A>G","p.Lys38Arg,p.Lys856Arg",KVLNEKCSAYTV,True,netmhcpan,51.9231,0.0,27.5,0.0003,24.75,0.0001
79,VLNERCSAYTVE,netmhcpan,90.0,0.0,50.8333,0.0001,72.5,0.0,12,NC_045512.2,2832,ORF1ab,GU280_gp01,SNP,False,False,"c.113A>G,c.2567A>G","p.Lys38Arg,p.Lys856Arg",VLNEKCSAYTVE,True,netmhcpan,85.0,0.0,41.0,0.0001,75.0,0.0
80,LNERCSAYTVEL,netmhcpan,63.5714,0.0,81.6667,0.0,44.5,0.0,12,NC_045512.2,2832,ORF1ab,GU280_gp01,SNP,False,False,"c.113A>G,c.2567A>G","p.Lys38Arg,p.Lys856Arg",LNEKCSAYTVEL,True,netmhcpan,65.0,0.0,81.6667,0.0,44.0,0.0
81,NERCSAYTVELG,netmhcpan,80.0,0.0,90.0,0.0,36.6667,0.0,12,NC_045512.2,2832,ORF1ab,GU280_gp01,SNP,False,False,"c.113A>G,c.2567A>G","p.Lys38Arg,p.Lys856Arg",NEKCSAYTVELG,True,netmhcpan,83.3333,0.0,87.5,0.0,35.0,0.0001
82,ERCSAYTVELGT,netmhcpan,78.3333,0.0,95.0,0.0,80.0,0.0,12,NC_045512.2,2832,ORF1ab,GU280_gp01,SNP,False,False,"c.113A>G,c.2567A>G","p.Lys38Arg,p.Lys856Arg",EKCSAYTVELGT,True,netmhcpan,92.5,0.0,100.0,0.0,85.0,0.0
83,RCSAYTVELGTE,netmhcpan,95.0,0.0,90.0,0.0,100.0,0.0,12,NC_045512.2,2832,ORF1ab,GU280_gp01,SNP,False,False,"c.113A>G,c.2567A>G","p.Lys38Arg,p.Lys856Arg",KCSAYTVELGTE,True,netmhcpan,95.0,0.0,95.0,0.0,100.0,0.0
84,IRSVYPVASPNG,netmhcpan,95.0,0.0,95.0,0.0,95.0,0.0,12,NC_045512.2,1197,ORF1ab,GU280_gp01,SNP,False,False,"c.392A>G,c.932A>G","p.Glu311Gly,p.Glu131Gly",IRSVYPVASPNE,True,netmhcpan,92.5,0.0,90.0,0.0,95.0,0.0
85,RSVYPVASPNGC,netmhcpan,8.9496,0.0031,61.875,0.0,72.5,0.0,12,NC_045512.2,1197,ORF1ab,GU280_gp01,SNP,False,False,"c.392A>G,c.932A>G","p.Glu311Gly,p.Glu131Gly",RSVYPVASPNEC,True,netmhcpan,5.7132,0.008,58.3333,0.0,62.5,0.0
86,SVYPVASPNGCN,netmhcpan,68.0,0.0,61.875,0.0,85.0,0.0,12,NC_045512.2,1197,ORF1ab,GU280_gp01,SNP,False,False,"c.392A>G,c.932A>G","p.Glu311Gly,p.Glu131Gly",SVYPVASPNECN,True,netmhcpan,56.6667,0.0,58.75,0.0,80.0,0.0
87,VYPVASPNGCNQ,netmhcpan,80.0,0.0,85.0,0.0,95.0,0.0,12,NC_045512.2,1197,ORF1ab,GU280_gp01,SNP,False,False,"c.392A>G,c.932A>G","p.Glu311Gly,p.Glu131Gly",VYPVASPNECNQ,True,netmhcpan,78.3333,0.0,90.0,0.0,95.0,0.0
88,YPVASPNGCNQM,netmhcpan,1.5407,0.0906,31.2381,0.0002,35.25,0.0,12,NC_045512.2,1197,ORF1ab,GU280_gp01,SNP,False,False,"c.392A>G,c.932A>G","p.Glu311Gly,p.Glu131Gly",YPVASPNECNQM,True,netmhcpan,1.4631,0.0991,32.15,0.0002,35.0,0.0001
89,PVASPNGCNQMC,netmhcpan,85.0,0.0,95.0,0.0,100.0,0.0,12,NC_045512.2,1197,ORF1ab,GU280_gp01,SNP,False,False,"c.392A>G,c.932A>G","p.Glu311Gly,p.Glu131Gly",PVASPNECNQMC,True,netmhcpan,85.0,0.0,95.0,0.0,100.0,0.0
90,VASPNGCNQMCL,netmhcpan,19.7206,0.0006,44.1667,0.0001,80.0,0.0,12,NC_045512.2,1197,ORF1ab,GU280_gp01,SNP,False,False,"c.392A>G,c.932A>G","p.Glu311Gly,p.Glu131Gly",VASPNECNQMCL,True,netmhcpan,26.1154,0.0003,53.0556,0.0,80.0,0.0
91,ASPNGCNQMCLS,netmhcpan,78.3333,0.0,90.0,0.0,95.0,0.0,12,NC_045512.2,1197,ORF1ab,GU280_gp01,SNP,False,False,"c.392A>G,c.932A>G","p.Glu311Gly,p.Glu131Gly",ASPNECNQMCLS,True,netmhcpan,81.6667,0.0,95.0,0.0,85.0,0.0
92,SPNGCNQMCLST,netmhcpan,10.8603,0.0021,95.0,0.0,85.0,0.0,12,NC_045512.2,1197,ORF1ab,GU280_gp01,SNP,False,False,"c.392A>G,c.932A>G","p.Glu311Gly,p.Glu131Gly",SPNECNQMCLST,True,netmhcpan,12.7279,0.0015,90.0,0.0,75.0,0.0
93,PNGCNQMCLSTL,netmhcpan,95.0,0.0,100.0,0.0,100.0,0.0,12,NC_045512.2,1197,ORF1ab,GU280_gp01,SNP,False,False,"c.392A>G,c.932A>G","p.Glu311Gly,p.Glu131Gly",PNECNQMCLSTL,True,netmhcpan,85.0,0.0,95.0,0.0,67.5,0.0
94,NGCNQMCLSTLM,netmhcpan,60.0,0.0,27.25,0.0004,36.6667,0.0,12,NC_045512.2,1197,ORF1ab,GU280_gp01,SNP,False,False,"c.392A>G,c.932A>G","p.Glu311Gly,p.Glu131Gly",NECNQMCLSTLM,True,netmhcpan,49.3333,0.0001,26.9268,0.0004,5.4324,0.0046
95,GCNQMCLSTLMK,netmhcpan,92.5,0.0,60.0,0.0,80.0,0.0,12,NC_045512.2,1197,ORF1ab,GU280_gp01,SNP,False,False,"c.392A>G,c.932A>G","p.Glu311Gly,p.Glu131Gly",ECNQMCLSTLMK,True,netmhcpan,83.3333,0.0,80.0,0.0,67.5,0.0
96,LPFFSNVTWFHV,netmhcpan,8.2374,0.0037,76.6667,0.0,50.0,0.0,12,NC_045512.2,21762,S,GU280_gp02,SNP,False,True,c.200C>T,p.Ala67Val,LPFFSNVTWFHA,True,netmhcpan,11.4135,0.0019,76.6667,0.0,51.25,0.0
97,PFFSNVTWFHVI,netmhcpan,81.6667,0.0,87.5,0.0,95.0,0.0,12,NC_045512.2,21762,S,GU280_gp02,SNP,False,True,c.200C>T,p.Ala67Val,PFFSNVTWFHAI,True,netmhcpan,80.0,0.0,85.0,0.0,95.0,0.0
98,FFSNVTWFHVIH,netmhcpan,78.3333,0.0,46.0,0.0001,80.0,0.0,12,NC_045512.2,21762,S,GU280_gp02,SNP,False,True,c.200C>T,p.Ala67Val,FFSNVTWFHAIH,True,netmhcpan,78.3333,0.0,50.5556,0.0001,80.0,0.0
99,FSNVTWFHVIHV,netmhcpan,83.3333,0.0,64.375,0.0,85.0,0.0,12,NC_045512.2,21762,S,GU280_gp02,SNP,False,True,c.200C>T,p.Ala67Val,FSNVTWFHAIHV,True,netmhcpan,83.3333,0.0,69.1667,0.0,85.0,0.0
100,SNVTWFHVIHVS,netmhcpan,92.5,0.0,83.3333,0.0,85.0,0.0,12,NC_045512.2,21762,S,GU280_gp02,SNP,False,True,c.200C>T,p.Ala67Val,SNVTWFHAIHVS,True,netmhcpan,90.0,0.0,87.5,0.0,85.0,0.0
101,NVTWFHVIHVSG,netmhcpan,92.5,0.0,95.0,0.0,95.0,0.0,12,NC_045512.2,21762,S,GU280_gp02,SNP,False,True,c.200C>T,p.Ala67Val,NVTWFHAIHVSG,True,netmhcpan,85.0,0.0,95.0,0.0,95.0,0.0
102,VTWFHVIHVSGT,netmhcpan,92.5,0.0,87.5,0.0,100.0,0.0,12,NC_045512.2,21762,S,GU280_gp02,SNP,False,True,c.200C>T,p.Ala67Val,VTWFHAIHVSGT,True,netmhcpan,90.0,0.0,90.0,0.0,95.0,0.0
103,TWFHVIHVSGTN,netmhcpan,95.0,0.0,90.0,0.0,95.0,0.0,12,NC_045512.2,21762,S,GU280_gp02,SNP,False,True,c.200C>T,p.Ala67Val,TWFHAIHVSGTN,True,netmhcpan,95.0,0.0,95.0,0.0,95.0,0.0
104,WFHVIHVSGTNG,netmhcpan,95.0,0.0,95.0,0.0,100.0,0.0,12,NC_045512.2,21762,S,GU280_gp02,SNP,False,True,c.200C>T,p.Ala67Val,WFHAIHVSGTNG,True,netmhcpan,95.0,0.0,95.0,0.0,100.0,0.0
105,FHVIHVSGTNGT,netmhcpan,83.3333,0.0,95.0,0.0,95.0,0.0,12,NC_045512.2,21762,S,GU280_gp02,SNP,False,True,c.200C>T,p.Ala67Val,FHAIHVSGTNGT,True,netmhcpan,78.3333,0.0,95.0,0.0,95.0,0.0
106,HVIHVSGTNGTK,netmhcpan,51.9231,0.0,29.5185,0.0003,72.5,0.0,12,NC_045512.2,21762,S,GU280_gp02,SNP,False,True,c.200C>T,p.Ala67Val,HAIHVSGTNGTK,True,netmhcpan,46.25,0.0001,30.9583,0.0003,65.0,0.0
107,VIHVSGTNGTKR,netmhcpan,73.75,0.0,52.7778,0.0,72.5,0.0,12,NC_045512.2,21762,S,GU280_gp02,SNP,False,True,c.200C>T,p.Ala67Val,AIHVSGTNGTKR,True,netmhcpan,69.0,0.0,48.2,0.0001,57.5,0.0
108,LPFNDGVYFASI,netmhcpan,4.2031,0.0147,56.6667,0.0,51.25,0.0,12,NC_045512.2,21846,S,GU280_gp02,SNP,False,True,c.284C>T,p.Thr95Ile,LPFNDGVYFAST,True,netmhcpan,13.0283,0.0014,73.0,0.0,72.5,0.0
109,PFNDGVYFASIE,netmhcpan,100.0,0.0,100.0,0.0,100.0,0.0,12,NC_045512.2,21846,S,GU280_gp02,SNP,False,True,c.284C>T,p.Thr95Ile,PFNDGVYFASTE,True,netmhcpan,95.0,0.0,100.0,0.0,100.0,0.0
110,FNDGVYFASIEK,netmhcpan,80.0,0.0,52.5,0.0001,60.0,0.0,12,NC_045512.2,21846,S,GU280_gp02,SNP,False,True,c.284C>T,p.Thr95Ile,FNDGVYFASTEK,True,netmhcpan,69.0,0.0,44.6667,0.0001,55.0,0.0
111,NDGVYFASIEKS,netmhcpan,95.0,0.0,85.0,0.0,80.0,0.0,12,NC_045512.2,21846,S,GU280_gp02,SNP,False,True,c.284C>T,p.Thr95Ile,NDGVYFASTEKS,True,netmhcpan,92.5,0.0,85.0,0.0,80.0,0.0
112,DGVYFASIEKSN,netmhcpan,100.0,0.0,95.0,0.0,95.0,0.0,12,NC_045512.2,21846,S,GU280_gp02,SNP,False,True,c.284C>T,p.Thr95Ile,DGVYFASTEKSN,True,netmhcpan,95.0,0.0,95.0,0.0,95.0,0.0
113,GVYFASIEKSNI,netmhcpan,60.7143,0.0,49.5,0.0001,85.0,0.0,12,NC_045512.2,21846,S,GU280_gp02,SNP,False,True,c.284C>T,p.Thr95Ile,GVYFASTEKSNI,True,netmhcpan,49.3333,0.0001,42.5714,0.0001,80.0,0.0
114,VYFASIEKSNII,netmhcpan,50.3846,0.0,53.0556,0.0,56.25,0.0,12,NC_045512.2,21846,S,GU280_gp02,SNP,False,True,c.284C>T,p.Thr95Ile,VYFASTEKSNII,True,netmhcpan,53.4615,0.0,61.25,0.0,58.75,0.0
115,YFASIEKSNIIR,netmhcpan,67.0,0.0,74.0,0.0,67.5,0.0,12,NC_045512.2,21846,S,GU280_gp02,SNP,False,True,c.284C>T,p.Thr95Ile,YFASTEKSNIIR,True,netmhcpan,68.0,0.0,76.6667,0.0,65.0,0.0
116,FASIEKSNIIRG,netmhcpan,85.0,0.0,81.6667,0.0,62.5,0.0,12,NC_045512.2,21846,S,GU280_gp02,SNP,False,True,c.284C>T,p.Thr95Ile,FASTEKSNIIRG,True,netmhcpan,85.0,0.0,81.6667,0.0,62.5,0.0
117,ASIEKSNIIRGW,netmhcpan,57.2222,0.0,19.0268,0.0009,5.7875,0.004,12,NC_045512.2,21846,S,GU280_gp02,SNP,False,True,c.284C>T,p.Thr95Ile,ASTEKSNIIRGW,True,netmhcpan,71.25,0.0,35.8667,0.0002,5.1218,0.0053
118,SIEKSNIIRGWI,netmhcpan,60.0,0.0,74.0,0.0,43.5,0.0,12,NC_045512.2,21846,S,GU280_gp02,SNP,False,True,c.284C>T,p.Thr95Ile,STEKSNIIRGWI,True,netmhcpan,58.8889,0.0,81.6667,0.0,30.5714,0.0001
119,IEKSNIIRGWIF,netmhcpan,54.6154,0.0,11.4952,0.0033,2.892,0.0171,12,NC_045512.2,21846,S,GU280_gp02,SNP,False,True,c.284C>T,p.Thr95Ile,TEKSNIIRGWIF,True,netmhcpan,46.25,0.0001,11.3986,0.0034,1.1116,0.1094
120,RFPNITNLCPFD,netmhcpan,80.0,0.0,67.5,0.0,75.0,0.0,12,NC_045512.2,22578,S,GU280_gp02,SNP,False,True,c.1016G>A,p.Gly339Asp,RFPNITNLCPFG,True,netmhcpan,80.0,0.0,67.5,0.0,75.0,0.0
121,FPNITNLCPFDE,netmhcpan,41.8,0.0001,90.0,0.0,95.0,0.0,12,NC_045512.2,22578,S,GU280_gp02,SNP,False,True,c.1016G>A,p.Gly339Asp,FPNITNLCPFGE,True,netmhcpan,38.8571,0.0001,90.0,0.0,95.0,0.0
122,PNITNLCPFDEV,netmhcpan,95.0,0.0,100.0,0.0,95.0,0.0,12,NC_045512.2,22578,S,GU280_gp02,SNP,False,True,c.1016G>A,p.Gly339Asp,PNITNLCPFGEV,True,netmhcpan,95.0,0.0,100.0,0.0,100.0,0.0
123,NITNLCPFDEVF,netmhcpan,57.2222,0.0,19.1071,0.0009,41.6667,0.0,12,NC_045512.2,22578,S,GU280_gp02,SNP,False,True,c.1016G>A,p.Gly339Asp,NITNLCPFGEVF,True,netmhcpan,44.0,0.0001,14.57,0.0018,44.5,0.0
124,ITNLCPFDEVFN,netmhcpan,95.0,0.0,63.125,0.0,85.0,0.0,12,NC_045512.2,22578,S,GU280_gp02,SNP,False,True,c.1016G>A,p.Gly339Asp,ITNLCPFGEVFN,True,netmhcpan,92.5,0.0,50.0,0.0001,80.0,0.0
125,TNLCPFDEVFNA,netmhcpan,19.6618,0.0006,83.3333,0.0,38.0,0.0,12,NC_045512.2,22578,S,GU280_gp02,SNP,False,True,c.1016G>A,p.Gly339Asp,TNLCPFGEVFNA,True,netmhcpan,20.6786,0.0005,80.0,0.0,47.0,0.0
126,NLCPFDEVFNAT,netmhcpan,70.0,0.0,83.3333,0.0,80.0,0.0,12,NC_045512.2,22578,S,GU280_gp02,SNP,False,True,c.1016G>A,p.Gly339Asp,NLCPFGEVFNAT,True,netmhcpan,76.6667,0.0,83.3333,0.0,95.0,0.0
127,LCPFDEVFNATR,netmhcpan,61.4286,0.0,95.0,0.0,85.0,0.0,12,NC_045512.2,22578,S,GU280_gp02,SNP,False,True,c.1016G>A,p.Gly339Asp,LCPFGEVFNATR,True,netmhcpan,61.4286,0.0,95.0,0.0,95.0,0.0
128,CPFDEVFNATRF,netmhcpan,9.1885,0.003,23.2623,0.0005,6.733,0.0028,12,NC_045512.2,22578,S,GU280_gp02,SNP,False,True,c.1016G>A,p.Gly339Asp,CPFGEVFNATRF,True,netmhcpan,9.1725,0.003,31.9524,0.0002,6.7745,0.0028
129,PFDEVFNATRFA,netmhcpan,80.0,0.0,87.5,0.0,75.0,0.0,12,NC_045512.2,22578,S,GU280_gp02,SNP,False,True,c.1016G>A,p.Gly339Asp,PFGEVFNATRFA,True,netmhcpan,92.5,0.0,90.0,0.0,72.5,0.0
130,FDEVFNATRFAS,netmhcpan,90.0,0.0,90.0,0.0,48.0,0.0,12,NC_045512.2,22578,S,GU280_gp02,SNP,False,True,c.1016G>A,p.Gly339Asp,FGEVFNATRFAS,True,netmhcpan,90.0,0.0,90.0,0.0,49.0,0.0
131,DEVFNATRFASV,netmhcpan,43.4,0.0001,74.0,0.0,17.6829,0.0003,12,NC_045512.2,22578,S,GU280_gp02,SNP,False,True,c.1016G>A,p.Gly339Asp,GEVFNATRFASV,True,netmhcpan,61.4286,0.0,68.3333,0.0,12.488,0.0006
132,NCVADYSVLYNL,netmhcpan,60.0,0.0,70.0,0.0,39.0,0.0,12,NC_045512.2,"22673,22674",S,GU280_gp02,SNP,False,True,"c.1112C>T,c.1111T>C","p.Ser371Pro,p.Ser371Phe",NCVADYSVLYNS,True,netmhcpan,95.0,0.0,72.0,0.0,80.0,0.0
133,CVADYSVLYNLA,netmhcpan,85.0,0.0,75.0,0.0,85.0,0.0,12,NC_045512.2,"22673,22674",S,GU280_gp02,SNP,False,True,"c.1112C>T,c.1111T>C","p.Ser371Pro,p.Ser371Phe",CVADYSVLYNSA,True,netmhcpan,62.8571,0.0,65.0,0.0,85.0,0.0
134,VADYSVLYNLAP,netmhcpan,80.0,0.0,95.0,0.0,95.0,0.0,12,NC_045512.2,"22673,22679,22674",S,GU280_gp02,SNP,False,True,"c.1112C>T,c.1111T>C,c.1117T>C","p.Ser373Pro,p.Ser371Pro,p.Ser371Phe",VADYSVLYNSAS,False,netmhcpan,81.6667,0.0,95.0,0.0,100.0,0.0
135,ADYSVLYNLAPF,netmhcpan,58.3333,0.0,19.7143,0.0008,8.8417,0.0015,12,NC_045512.2,"22673,22679,22674",S,GU280_gp02,SNP,False,True,"c.1112C>T,c.1111T>C,c.1117T>C","p.Ser373Pro,p.Ser371Pro,p.Ser371Phe",ADYSVLYNSASF,False,netmhcpan,26.4231,0.0003,8.4448,0.007,5.0839,0.0053
136,DYSVLYNLAPFF,netmhcpan,76.6667,0.0,37.8333,0.0001,30.2857,0.0001,12,NC_045512.2,"22673,22679,22686,22674",S,GU280_gp02,SNP,False,True,"c.1111T>C,c.1112C>T,c.1124C>T,c.1117T>C","p.Ser375Phe,p.Ser371Pro,p.Ser373Pro,p.Ser371Phe",DYSVLYNSASFS,False,netmhcpan,90.0,0.0,71.0,0.0,85.0,0.0
137,YSVLYNLAPFFT,netmhcpan,92.5,0.0,60.0,0.0,95.0,0.0,12,NC_045512.2,"22673,22679,22686,22674",S,GU280_gp02,SNP,False,True,"c.1111T>C,c.1112C>T,c.1124C>T,c.1117T>C","p.Ser375Phe,p.Ser371Pro,p.Ser373Pro,p.Ser371Phe",YSVLYNSASFST,False,netmhcpan,76.6667,0.0,70.0,0.0,95.0,0.0
138,SVLYNLAPFFTF,netmhcpan,38.0,0.0001,11.32,0.0034,30.7143,0.0001,12,NC_045512.2,"22673,22679,22686,22674",S,GU280_gp02,SNP,False,True,"c.1111T>C,c.1112C>T,c.1124C>T,c.1117T>C","p.Ser375Phe,p.Ser371Pro,p.Ser373Pro,p.Ser371Phe",SVLYNSASFSTF,False,netmhcpan,18.5325,0.0006,4.0981,0.0337,32.8,0.0001
139,VLYNLAPFFTFK,netmhcpan,83.3333,0.0,34.0667,0.0002,75.0,0.0,12,NC_045512.2,"22673,22679,22686,22674",S,GU280_gp02,SNP,False,True,"c.1111T>C,c.1112C>T,c.1124C>T,c.1117T>C","p.Ser375Phe,p.Ser371Pro,p.Ser373Pro,p.Ser371Phe",VLYNSASFSTFK,False,netmhcpan,72.5,0.0,14.8697,0.0017,70.0,0.0
140,LYNLAPFFTFKC,netmhcpan,95.0,0.0,85.0,0.0,95.0,0.0,12,NC_045512.2,"22673,22679,22686,22674",S,GU280_gp02,SNP,False,True,"c.1111T>C,c.1112C>T,c.1124C>T,c.1117T>C","p.Ser375Phe,p.Ser371Pro,p.Ser373Pro,p.Ser371Phe",LYNSASFSTFKC,False,netmhcpan,83.3333,0.0,69.1667,0.0,85.0,0.0
141,YNLAPFFTFKCY,netmhcpan,30.5882,0.0002,19.2589,0.0009,26.3,0.0001,12,NC_045512.2,"22673,22679,22686,22674",S,GU280_gp02,SNP,False,True,"c.1111T>C,c.1112C>T,c.1124C>T,c.1117T>C","p.Ser375Phe,p.Ser371Pro,p.Ser373Pro,p.Ser371Phe",YNSASFSTFKCY,False,netmhcpan,68.0,0.0,7.2632,0.0099,25.8182,0.0001
142,NLAPFFTFKCYG,netmhcpan,83.3333,0.0,46.4,0.0001,65.0,0.0,12,NC_045512.2,"22673,22679,22686,22674",S,GU280_gp02,SNP,False,True,"c.1111T>C,c.1112C>T,c.1124C>T,c.1117T>C","p.Ser375Phe,p.Ser371Pro,p.Ser373Pro,p.Ser371Phe",NSASFSTFKCYG,False,netmhcpan,95.0,0.0,65.0,0.0,80.0,0.0
143,LAPFFTFKCYGV,netmhcpan,62.8571,0.0,78.3333,0.0,85.0,0.0,12,NC_045512.2,"22673,22679,22686,22674",S,GU280_gp02,SNP,False,True,"c.1111T>C,c.1112C>T,c.1124C>T,c.1117T>C","p.Ser375Phe,p.Ser371Pro,p.Ser373Pro,p.Ser371Phe",SASFSTFKCYGV,False,netmhcpan,76.6667,0.0,63.125,0.0,75.0,0.0
144,APFFTFKCYGVS,netmhcpan,19.2647,0.0006,87.5,0.0,70.0,0.0,12,NC_045512.2,"22679,22686",S,GU280_gp02,SNP,False,True,"c.1124C>T,c.1117T>C","p.Ser375Phe,p.Ser373Pro",ASFSTFKCYGVS,False,netmhcpan,90.0,0.0,61.875,0.0,85.0,0.0
145,PFFTFKCYGVSP,netmhcpan,100.0,0.0,100.0,0.0,100.0,0.0,12,NC_045512.2,"22679,22686",S,GU280_gp02,SNP,False,True,"c.1124C>T,c.1117T>C","p.Ser375Phe,p.Ser373Pro",SFSTFKCYGVSP,False,netmhcpan,76.6667,0.0,95.0,0.0,85.0,0.0
146,FFTFKCYGVSPT,netmhcpan,95.0,0.0,100.0,0.0,100.0,0.0,12,NC_045512.2,22686,S,GU280_gp02,SNP,False,True,c.1124C>T,p.Ser375Phe,FSTFKCYGVSPT,True,netmhcpan,90.0,0.0,95.0,0.0,100.0,0.0
147,FTFKCYGVSPTK,netmhcpan,46.0,0.0001,36.0,0.0002,72.5,0.0,12,NC_045512.2,22686,S,GU280_gp02,SNP,False,True,c.1124C>T,p.Ser375Phe,STFKCYGVSPTK,True,netmhcpan,41.0,0.0001,27.1389,0.0004,41.0,0.0
148,EVRQIAPGQTGN,netmhcpan,85.0,0.0,83.3333,0.0,75.0,0.0,12,NC_045512.2,22813,S,GU280_gp02,SNP,False,True,c.1251G>T,p.Lys417Asn,EVRQIAPGQTGK,True,netmhcpan,39.7143,0.0001,32.65,0.0002,34.75,0.0001
149,VRQIAPGQTGNI,netmhcpan,54.2308,0.0,26.2927,0.0004,47.0,0.0,12,NC_045512.2,22813,S,GU280_gp02,SNP,False,True,c.1251G>T,p.Lys417Asn,VRQIAPGQTGKI,True,netmhcpan,52.3077,0.0,26.1707,0.0004,43.0,0.0
150,RQIAPGQTGNIA,netmhcpan,4.191,0.0148,5.1953,0.0207,13.8105,0.0005,12,NC_045512.2,22813,S,GU280_gp02,SNP,False,True,c.1251G>T,p.Lys417Asn,RQIAPGQTGKIA,True,netmhcpan,4.605,0.0124,5.1964,0.0207,13.7579,0.0005
151,QIAPGQTGNIAD,netmhcpan,71.25,0.0,81.6667,0.0,80.0,0.0,12,NC_045512.2,22813,S,GU280_gp02,SNP,False,True,c.1251G>T,p.Lys417Asn,QIAPGQTGKIAD,True,netmhcpan,73.75,0.0,80.0,0.0,80.0,0.0
152,IAPGQTGNIADY,netmhcpan,44.5,0.0001,5.2578,0.0202,39.5,0.0,12,NC_045512.2,22813,S,GU280_gp02,SNP,False,True,c.1251G>T,p.Lys417Asn,IAPGQTGKIADY,True,netmhcpan,41.2,0.0001,4.2194,0.0319,34.5,0.0001
153,APGQTGNIADYN,netmhcpan,40.1429,0.0001,42.7143,0.0001,58.75,0.0,12,NC_045512.2,22813,S,GU280_gp02,SNP,False,True,c.1251G>T,p.Lys417Asn,APGQTGKIADYN,True,netmhcpan,42.0,0.0001,25.75,0.0004,51.25,0.0
154,PGQTGNIADYNY,netmhcpan,92.5,0.0,20.9897,0.0007,58.75,0.0,12,NC_045512.2,22813,S,GU280_gp02,SNP,False,True,c.1251G>T,p.Lys417Asn,PGQTGKIADYNY,True,netmhcpan,92.5,0.0,15.4466,0.0016,56.25,0.0
155,GQTGNIADYNYK,netmhcpan,90.0,0.0,21.6125,0.0007,50.0,0.0,12,NC_045512.2,22813,S,GU280_gp02,SNP,False,True,c.1251G>T,p.Lys417Asn,GQTGKIADYNYK,True,netmhcpan,90.0,0.0,17.2588,0.0012,51.25,0.0
156,QTGNIADYNYKL,netmhcpan,46.75,0.0001,57.9167,0.0,40.5,0.0,12,NC_045512.2,22813,S,GU280_gp02,SNP,False,True,c.1251G>T,p.Lys417Asn,QTGKIADYNYKL,True,netmhcpan,45.25,0.0001,57.0833,0.0,40.5,0.0
157,TGNIADYNYKLP,netmhcpan,92.5,0.0,95.0,0.0,85.0,0.0,12,NC_045512.2,22813,S,GU280_gp02,SNP,False,True,c.1251G>T,p.Lys417Asn,TGKIADYNYKLP,True,netmhcpan,92.5,0.0,90.0,0.0,95.0,0.0
158,GNIADYNYKLPD,netmhcpan,100.0,0.0,100.0,0.0,100.0,0.0,12,NC_045512.2,22813,S,GU280_gp02,SNP,False,True,c.1251G>T,p.Lys417Asn,GKIADYNYKLPD,True,netmhcpan,100.0,0.0,100.0,0.0,95.0,0.0
159,NIADYNYKLPDD,netmhcpan,95.0,0.0,100.0,0.0,100.0,0.0,12,NC_045512.2,22813,S,GU280_gp02,SNP,False,True,c.1251G>T,p.Lys417Asn,KIADYNYKLPDD,True,netmhcpan,95.0,0.0,95.0,0.0,100.0,0.0
160,FTGCVIAWNSNK,netmhcpan,92.5,0.0,72.0,0.0,95.0,0.0,12,NC_045512.2,22882,S,GU280_gp02,SNP,False,True,c.1320T>G,p.Asn440Lys,FTGCVIAWNSNN,True,netmhcpan,100.0,0.0,95.0,0.0,100.0,0.0
161,TGCVIAWNSNKL,netmhcpan,39.4286,0.0001,64.375,0.0,80.0,0.0,12,NC_045512.2,22882,S,GU280_gp02,SNP,False,True,c.1320T>G,p.Asn440Lys,TGCVIAWNSNNL,True,netmhcpan,42.2,0.0001,69.1667,0.0,85.0,0.0
162,GCVIAWNSNKLD,netmhcpan,95.0,0.0,95.0,0.0,100.0,0.0,12,NC_045512.2,22882,S,GU280_gp02,SNP,False,True,c.1320T>G,p.Asn440Lys,GCVIAWNSNNLD,True,netmhcpan,95.0,0.0,95.0,0.0,100.0,0.0
163,CVIAWNSNKLDS,netmhcpan,100.0,0.0,95.0,0.0,100.0,0.0,12,NC_045512.2,22882,S,GU280_gp02,SNP,False,True,c.1320T>G,p.Asn440Lys,CVIAWNSNNLDS,True,netmhcpan,100.0,0.0,95.0,0.0,100.0,0.0
164,VIAWNSNKLDSK,netmhcpan,76.6667,0.0,57.9167,0.0,95.0,0.0,12,NC_045512.2,22882,S,GU280_gp02,SNP,False,True,c.1320T>G,p.Asn440Lys,VIAWNSNNLDSK,True,netmhcpan,78.3333,0.0,59.5833,0.0,95.0,0.0
165,IAWNSNKLDSKV,netmhcpan,63.5714,0.0,67.5,0.0,75.0,0.0,12,NC_045512.2,22882,S,GU280_gp02,SNP,False,True,c.1320T>G,p.Asn440Lys,IAWNSNNLDSKV,True,netmhcpan,65.0,0.0,68.3333,0.0,75.0,0.0
166,AWNSNKLDSKVS,netmhcpan,92.5,0.0,90.0,0.0,95.0,0.0,12,NC_045512.2,"22898,22882",S,GU280_gp02,SNP,False,True,"c.1336G>A,c.1320T>G","p.Gly446Ser,p.Asn440Lys",AWNSNNLDSKVG,False,netmhcpan,95.0,0.0,95.0,0.0,95.0,0.0
167,WNSNKLDSKVSG,netmhcpan,95.0,0.0,100.0,0.0,95.0,0.0,12,NC_045512.2,"22898,22882",S,GU280_gp02,SNP,False,True,"c.1336G>A,c.1320T>G","p.Gly446Ser,p.Asn440Lys",WNSNNLDSKVGG,False,netmhcpan,100.0,0.0,100.0,0.0,100.0,0.0
168,NSNKLDSKVSGN,netmhcpan,95.0,0.0,95.0,0.0,100.0,0.0,12,NC_045512.2,"22898,22882",S,GU280_gp02,SNP,False,True,"c.1336G>A,c.1320T>G","p.Gly446Ser,p.Asn440Lys",NSNNLDSKVGGN,False,netmhcpan,100.0,0.0,100.0,0.0,100.0,0.0
169,SNKLDSKVSGNY,netmhcpan,67.0,0.0,12.7672,0.0025,12.352,0.0007,12,NC_045512.2,"22898,22882",S,GU280_gp02,SNP,False,True,"c.1336G>A,c.1320T>G","p.Gly446Ser,p.Asn440Lys",SNNLDSKVGGNY,False,netmhcpan,69.0,0.0,16.4278,0.0013,10.1818,0.0011
170,NKLDSKVSGNYN,netmhcpan,92.5,0.0,65.8333,0.0,53.75,0.0,12,NC_045512.2,"22898,22882",S,GU280_gp02,SNP,False,True,"c.1336G>A,c.1320T>G","p.Gly446Ser,p.Asn440Lys",NNLDSKVGGNYN,False,netmhcpan,92.5,0.0,80.0,0.0,67.5,0.0
171,KLDSKVSGNYNY,netmhcpan,48.25,0.0001,3.2137,0.0542,15.7258,0.0004,12,NC_045512.2,"22898,22882",S,GU280_gp02,SNP,False,True,"c.1336G>A,c.1320T>G","p.Gly446Ser,p.Asn440Lys",NLDSKVGGNYNY,False,netmhcpan,52.3077,0.0,10.4124,0.0042,14.4595,0.0005
172,LDSKVSGNYNYL,netmhcpan,53.0769,0.0,60.0,0.0,52.5,0.0,12,NC_045512.2,22898,S,GU280_gp02,SNP,False,True,c.1336G>A,p.Gly446Ser,LDSKVGGNYNYL,True,netmhcpan,55.5556,0.0,72.0,0.0,47.0,0.0
173,DSKVSGNYNYLY,netmhcpan,66.0,0.0,15.5138,0.0015,24.8333,0.0001,12,NC_045512.2,22898,S,GU280_gp02,SNP,False,True,c.1336G>A,p.Gly446Ser,DSKVGGNYNYLY,True,netmhcpan,65.0,0.0,15.1818,0.0016,24.6667,0.0001
174,SKVSGNYNYLYR,netmhcpan,81.6667,0.0,63.75,0.0,44.0,0.0,12,NC_045512.2,22898,S,GU280_gp02,SNP,False,True,c.1336G>A,p.Gly446Ser,SKVGGNYNYLYR,True,netmhcpan,81.6667,0.0,60.625,0.0,45.0,0.0
175,KVSGNYNYLYRL,netmhcpan,36.8889,0.0001,32.55,0.0002,53.75,0.0,12,NC_045512.2,22898,S,GU280_gp02,SNP,False,True,c.1336G>A,p.Gly446Ser,KVGGNYNYLYRL,True,netmhcpan,57.7778,0.0,42.1429,0.0001,65.0,0.0
176,VSGNYNYLYRLF,netmhcpan,85.0,0.0,35.2667,0.0002,43.5,0.0,12,NC_045512.2,22898,S,GU280_gp02,SNP,False,True,c.1336G>A,p.Gly446Ser,VGGNYNYLYRLF,True,netmhcpan,83.3333,0.0,55.4167,0.0,49.0,0.0
177,SGNYNYLYRLFR,netmhcpan,92.5,0.0,81.6667,0.0,80.0,0.0,12,NC_045512.2,22898,S,GU280_gp02,SNP,False,True,c.1336G>A,p.Gly446Ser,GGNYNYLYRLFR,True,netmhcpan,95.0,0.0,87.5,0.0,85.0,0.0
178,RDISTEIYQAGN,netmhcpan,100.0,0.0,95.0,0.0,85.0,0.0,12,NC_045512.2,22992,S,GU280_gp02,SNP,False,True,c.1430G>A,p.Ser477Asn,RDISTEIYQAGS,True,netmhcpan,95.0,0.0,95.0,0.0,80.0,0.0
179,DISTEIYQAGNK,netmhcpan,83.3333,0.0,87.5,0.0,44.0,0.0,12,NC_045512.2,"22995,22992",S,GU280_gp02,SNP,False,True,"c.1430G>A,c.1433C>A","p.Thr478Lys,p.Ser477Asn",DISTEIYQAGST,False,netmhcpan,90.0,0.0,95.0,0.0,65.0,0.0
180,ISTEIYQAGNKP,netmhcpan,73.75,0.0,57.9167,0.0,56.25,0.0,12,NC_045512.2,"22995,22992",S,GU280_gp02,SNP,False,True,"c.1430G>A,c.1433C>A","p.Thr478Lys,p.Ser477Asn",ISTEIYQAGSTP,False,netmhcpan,50.7692,0.0,42.5714,0.0001,56.25,0.0
181,STEIYQAGNKPC,netmhcpan,68.0,0.0,83.3333,0.0,80.0,0.0,12,NC_045512.2,"22995,22992",S,GU280_gp02,SNP,False,True,"c.1430G>A,c.1433C>A","p.Thr478Lys,p.Ser477Asn",STEIYQAGSTPC,False,netmhcpan,47.5,0.0001,64.375,0.0,80.0,0.0
182,TEIYQAGNKPCN,netmhcpan,95.0,0.0,95.0,0.0,32.8,0.0001,12,NC_045512.2,"22995,22992",S,GU280_gp02,SNP,False,True,"c.1430G>A,c.1433C>A","p.Thr478Lys,p.Ser477Asn",TEIYQAGSTPCN,False,netmhcpan,90.0,0.0,87.5,0.0,29.3333,0.0001
183,EIYQAGNKPCNG,netmhcpan,90.0,0.0,87.5,0.0,75.0,0.0,12,NC_045512.2,"22995,22992",S,GU280_gp02,SNP,False,True,"c.1430G>A,c.1433C>A","p.Thr478Lys,p.Ser477Asn",EIYQAGSTPCNG,False,netmhcpan,75.0,0.0,78.3333,0.0,72.5,0.0
184,IYQAGNKPCNGV,netmhcpan,66.0,0.0,78.3333,0.0,85.0,0.0,12,NC_045512.2,"22995,22992",S,GU280_gp02,SNP,False,True,"c.1430G>A,c.1433C>A","p.Thr478Lys,p.Ser477Asn",IYQAGSTPCNGV,False,netmhcpan,51.5385,0.0,73.0,0.0,72.5,0.0
185,YQAGNKPCNGVA,netmhcpan,52.3077,0.0,25.8864,0.0004,67.5,0.0,12,NC_045512.2,"22995,23013,22992",S,GU280_gp02,SNP,False,True,"c.1430G>A,c.1451A>C,c.1433C>A","p.Thr478Lys,p.Glu484Ala,p.Ser477Asn",YQAGSTPCNGVE,False,netmhcpan,69.0,0.0,27.75,0.0003,80.0,0.0
186,QAGNKPCNGVAG,netmhcpan,90.0,0.0,95.0,0.0,100.0,0.0,12,NC_045512.2,"22995,23013,22992",S,GU280_gp02,SNP,False,True,"c.1430G>A,c.1451A>C,c.1433C>A","p.Thr478Lys,p.Glu484Ala,p.Ser477Asn",QAGSTPCNGVEG,False,netmhcpan,92.5,0.0,100.0,0.0,95.0,0.0
187,AGNKPCNGVAGF,netmhcpan,7.0308,0.0052,24.1,0.0005,26.9,0.0001,12,NC_045512.2,"22995,23013,22992",S,GU280_gp02,SNP,False,True,"c.1430G>A,c.1451A>C,c.1433C>A","p.Thr478Lys,p.Glu484Ala,p.Ser477Asn",AGSTPCNGVEGF,False,netmhcpan,10.9585,0.002,32.9,0.0002,21.8,0.0002
188,GNKPCNGVAGFN,netmhcpan,53.8462,0.0,83.3333,0.0,85.0,0.0,12,NC_045512.2,"22995,23013,22992",S,GU280_gp02,SNP,False,True,"c.1430G>A,c.1451A>C,c.1433C>A","p.Thr478Lys,p.Glu484Ala,p.Ser477Asn",GSTPCNGVEGFN,False,netmhcpan,72.5,0.0,87.5,0.0,80.0,0.0
189,NKPCNGVAGFNC,netmhcpan,81.6667,0.0,100.0,0.0,95.0,0.0,12,NC_045512.2,"22995,23013,22992",S,GU280_gp02,SNP,False,True,"c.1430G>A,c.1451A>C,c.1433C>A","p.Thr478Lys,p.Glu484Ala,p.Ser477Asn",STPCNGVEGFNC,False,netmhcpan,73.75,0.0,85.0,0.0,95.0,0.0
190,KPCNGVAGFNCY,netmhcpan,9.4744,0.0028,14.557,0.0018,16.9388,0.0003,12,NC_045512.2,"22995,23013",S,GU280_gp02,SNP,False,True,"c.1451A>C,c.1433C>A","p.Thr478Lys,p.Glu484Ala",TPCNGVEGFNCY,False,netmhcpan,14.4277,0.0011,12.9542,0.0024,20.1667,0.0002
191,PCNGVAGFNCYF,netmhcpan,95.0,0.0,56.6667,0.0,85.0,0.0,12,NC_045512.2,23013,S,GU280_gp02,SNP,False,True,c.1451A>C,p.Glu484Ala,PCNGVEGFNCYF,True,netmhcpan,92.5,0.0,83.3333,0.0,95.0,0.0
192,CNGVAGFNCYFP,netmhcpan,100.0,0.0,100.0,0.0,100.0,0.0,12,NC_045512.2,23013,S,GU280_gp02,SNP,False,True,c.1451A>C,p.Glu484Ala,CNGVEGFNCYFP,True,netmhcpan,100.0,0.0,100.0,0.0,95.0,0.0
193,NGVAGFNCYFPL,netmhcpan,60.7143,0.0,85.0,0.0,95.0,0.0,12,NC_045512.2,23013,S,GU280_gp02,SNP,False,True,c.1451A>C,p.Glu484Ala,NGVEGFNCYFPL,True,netmhcpan,51.5385,0.0,80.0,0.0,85.0,0.0
194,GVAGFNCYFPLR,netmhcpan,76.6667,0.0,68.3333,0.0,67.5,0.0,12,NC_045512.2,"23013,23040",S,GU280_gp02,SNP,False,True,"c.1451A>C,c.1478A>G","p.Glu484Ala,p.Gln493Arg",GVEGFNCYFPLQ,False,netmhcpan,85.0,0.0,87.5,0.0,95.0,0.0
195,VAGFNCYFPLRS,netmhcpan,100.0,0.0,100.0,0.0,100.0,0.0,12,NC_045512.2,"23013,23040",S,GU280_gp02,SNP,False,True,"c.1451A>C,c.1478A>G","p.Glu484Ala,p.Gln493Arg",VEGFNCYFPLQS,False,netmhcpan,95.0,0.0,100.0,0.0,57.5,0.0
196,AGFNCYFPLRSY,netmhcpan,41.0,0.0001,4.2116,0.0321,18.125,0.0003,12,NC_045512.2,"23013,23040",S,GU280_gp02,SNP,False,True,"c.1451A>C,c.1478A>G","p.Glu484Ala,p.Gln493Arg",EGFNCYFPLQSY,False,netmhcpan,41.8,0.0001,7.4508,0.0094,14.3108,0.0005
197,GFNCYFPLRSYS,netmhcpan,76.6667,0.0,46.0,0.0001,72.5,0.0,12,NC_045512.2,"23040,23048",S,GU280_gp02,SNP,False,True,"c.1486G>A,c.1478A>G","p.Gly496Ser,p.Gln493Arg",GFNCYFPLQSYG,False,netmhcpan,92.5,0.0,40.8889,0.0001,55.0,0.0
198,FNCYFPLRSYSF,netmhcpan,42.0,0.0001,33.75,0.0002,51.25,0.0,12,NC_045512.2,"23040,23048",S,GU280_gp02,SNP,False,True,"c.1486G>A,c.1478A>G","p.Gly496Ser,p.Gln493Arg",FNCYFPLQSYGF,False,netmhcpan,69.0,0.0,43.5714,0.0001,56.25,0.0
199,NCYFPLRSYSFR,netmhcpan,50.0,0.0,75.0,0.0,80.0,0.0,12,NC_045512.2,"23055,23040,23048",S,GU280_gp02,SNP,False,True,"c.1486G>A,c.1478A>G,c.1493A>G","p.Gln493Arg,p.Gly496Ser,p.Gln498Arg",NCYFPLQSYGFQ,False,netmhcpan,78.3333,0.0,80.0,0.0,85.0,0.0
200,CYFPLRSYSFRP,netmhcpan,90.0,0.0,75.0,0.0,75.0,0.0,12,NC_045512.2,"23055,23040,23048",S,GU280_gp02,SNP,False,True,"c.1486G>A,c.1478A>G,c.1493A>G","p.Gln493Arg,p.Gly496Ser,p.Gln498Arg",CYFPLQSYGFQP,False,netmhcpan,90.0,0.0,78.3333,0.0,80.0,0.0
201,YFPLRSYSFRPT,netmhcpan,76.6667,0.0,95.0,0.0,95.0,0.0,12,NC_045512.2,"23055,23040,23048",S,GU280_gp02,SNP,False,True,"c.1486G>A,c.1478A>G,c.1493A>G","p.Gln493Arg,p.Gly496Ser,p.Gln498Arg",YFPLQSYGFQPT,False,netmhcpan,76.6667,0.0,71.0,0.0,95.0,0.0
202,FPLRSYSFRPTY,netmhcpan,3.2345,0.0244,4.3095,0.0306,17.2195,0.0003,12,NC_045512.2,"23055,23040,23063,23048",S,GU280_gp02,SNP,False,True,"c.1486G>A,c.1478A>G,c.1501A>T,c.1493A>G","p.Gln493Arg,p.Asn501Tyr,p.Gly496Ser,p.Gln498Arg",FPLQSYGFQPTN,False,netmhcpan,38.7143,0.0001,90.0,0.0,80.0,0.0
203,PLRSYSFRPTYG,netmhcpan,92.5,0.0,48.8,0.0001,95.0,0.0,12,NC_045512.2,"23055,23040,23063,23048",S,GU280_gp02,SNP,False,True,"c.1486G>A,c.1478A>G,c.1501A>T,c.1493A>G","p.Gln493Arg,p.Asn501Tyr,p.Gly496Ser,p.Gln498Arg",PLQSYGFQPTNG,False,netmhcpan,100.0,0.0,100.0,0.0,100.0,0.0
204,LRSYSFRPTYGV,netmhcpan,64.2857,0.0,46.8,0.0001,80.0,0.0,12,NC_045512.2,"23055,23040,23063,23048",S,GU280_gp02,SNP,False,True,"c.1486G>A,c.1478A>G,c.1501A>T,c.1493A>G","p.Gln493Arg,p.Asn501Tyr,p.Gly496Ser,p.Gln498Arg",LQSYGFQPTNGV,False,netmhcpan,55.0,0.0,14.3485,0.0019,51.25,0.0
205,RSYSFRPTYGVG,netmhcpan,60.7143,0.0,27.6944,0.0003,85.0,0.0,12,NC_045512.2,"23055,23040,23063,23048",S,GU280_gp02,SNP,False,True,"c.1486G>A,c.1478A>G,c.1501A>T,c.1493A>G","p.Gln493Arg,p.Asn501Tyr,p.Gly496Ser,p.Gln498Arg",QSYGFQPTNGVG,False,netmhcpan,81.6667,0.0,83.3333,0.0,80.0,0.0
206,SYSFRPTYGVGH,netmhcpan,65.0,0.0,44.6667,0.0001,52.5,0.0,12,NC_045512.2,"23055,23063,23075,23048",S,GU280_gp02,SNP,False,True,"c.1486G>A,c.1501A>T,c.1493A>G,c.1513T>C","p.Tyr505His,p.Asn501Tyr,p.Gly496Ser,p.Gln498Arg",SYGFQPTNGVGY,False,netmhcpan,46.75,0.0001,1.7342,0.1434,10.6909,0.0009
207,YSFRPTYGVGHQ,netmhcpan,54.2308,0.0,52.2222,0.0001,95.0,0.0,12,NC_045512.2,"23055,23063,23075,23048",S,GU280_gp02,SNP,False,True,"c.1486G>A,c.1501A>T,c.1493A>G,c.1513T>C","p.Tyr505His,p.Asn501Tyr,p.Gly496Ser,p.Gln498Arg",YGFQPTNGVGYQ,False,netmhcpan,46.75,0.0001,17.5882,0.0011,52.5,0.0
208,SFRPTYGVGHQP,netmhcpan,27.7619,0.0002,42.2857,0.0001,35.5,0.0,12,NC_045512.2,"23055,23063,23075,23048",S,GU280_gp02,SNP,False,True,"c.1486G>A,c.1501A>T,c.1493A>G,c.1513T>C","p.Tyr505His,p.Asn501Tyr,p.Gly496Ser,p.Gln498Arg",GFQPTNGVGYQP,False,netmhcpan,70.0,0.0,36.5,0.0002,58.75,0.0
209,FRPTYGVGHQPY,netmhcpan,20.9286,0.0005,17.0412,0.0012,23.2,0.0001,12,NC_045512.2,"23055,23063,23075",S,GU280_gp02,SNP,False,True,"c.1501A>T,c.1493A>G,c.1513T>C","p.Tyr505His,p.Asn501Tyr,p.Gln498Arg",FQPTNGVGYQPY,False,netmhcpan,37.5,0.0001,1.7286,0.144,17.4146,0.0003
210,RPTYGVGHQPYR,netmhcpan,11.2581,0.0019,50.2778,0.0001,45.5,0.0,12,NC_045512.2,"23055,23063,23075",S,GU280_gp02,SNP,False,True,"c.1501A>T,c.1493A>G,c.1513T>C","p.Tyr505His,p.Asn501Tyr,p.Gln498Arg",QPTNGVGYQPYR,False,netmhcpan,26.5,0.0003,65.8333,0.0,38.0,0.0
211,PTYGVGHQPYRV,netmhcpan,83.3333,0.0,72.0,0.0,80.0,0.0,12,NC_045512.2,"23063,23075",S,GU280_gp02,SNP,False,True,"c.1501A>T,c.1513T>C","p.Tyr505His,p.Asn501Tyr",PTNGVGYQPYRV,False,netmhcpan,95.0,0.0,90.0,0.0,95.0,0.0
212,TYGVGHQPYRVV,netmhcpan,54.6154,0.0,74.0,0.0,62.5,0.0,12,NC_045512.2,"23063,23075",S,GU280_gp02,SNP,False,True,"c.1501A>T,c.1513T>C","p.Tyr505His,p.Asn501Tyr",TNGVGYQPYRVV,False,netmhcpan,68.0,0.0,76.6667,0.0,65.0,0.0
213,YGVGHQPYRVVV,netmhcpan,39.2857,0.0001,65.0,0.0,67.5,0.0,12,NC_045512.2,"23063,23075",S,GU280_gp02,SNP,False,True,"c.1501A>T,c.1513T>C","p.Tyr505His,p.Asn501Tyr",NGVGYQPYRVVV,False,netmhcpan,48.75,0.0001,87.5,0.0,75.0,0.0
214,GVGHQPYRVVVL,netmhcpan,35.5556,0.0001,16.3557,0.0014,65.0,0.0,12,NC_045512.2,23075,S,GU280_gp02,SNP,False,True,c.1513T>C,p.Tyr505His,GVGYQPYRVVVL,True,netmhcpan,37.125,0.0001,16.4124,0.0013,67.5,0.0
215,VGHQPYRVVVLS,netmhcpan,41.6,0.0001,76.6667,0.0,80.0,0.0,12,NC_045512.2,23075,S,GU280_gp02,SNP,False,True,c.1513T>C,p.Tyr505His,VGYQPYRVVVLS,True,netmhcpan,41.4,0.0001,71.0,0.0,80.0,0.0
216,GHQPYRVVVLSF,netmhcpan,23.2308,0.0004,9.2171,0.0056,12.448,0.0007,12,NC_045512.2,23075,S,GU280_gp02,SNP,False,True,c.1513T>C,p.Tyr505His,GYQPYRVVVLSF,True,netmhcpan,25.8333,0.0003,10.0705,0.0046,20.0833,0.0002
217,HQPYRVVVLSFE,netmhcpan,64.2857,0.0,13.1686,0.0024,60.0,0.0,12,NC_045512.2,23075,S,GU280_gp02,SNP,False,True,c.1513T>C,p.Tyr505His,YQPYRVVVLSFE,True,netmhcpan,71.25,0.0,13.3417,0.0023,70.0,0.0
218,NKCVNFNFNGLK,netmhcpan,92.5,0.0,75.0,0.0,65.0,0.0,12,NC_045512.2,23202,S,GU280_gp02,SNP,False,True,c.1640C>A,p.Thr547Lys,NKCVNFNFNGLT,True,netmhcpan,95.0,0.0,100.0,0.0,95.0,0.0
219,KCVNFNFNGLKG,netmhcpan,95.0,0.0,90.0,0.0,100.0,0.0,12,NC_045512.2,23202,S,GU280_gp02,SNP,False,True,c.1640C>A,p.Thr547Lys,KCVNFNFNGLTG,True,netmhcpan,95.0,0.0,95.0,0.0,100.0,0.0
220,CVNFNFNGLKGT,netmhcpan,95.0,0.0,90.0,0.0,100.0,0.0,12,NC_045512.2,23202,S,GU280_gp02,SNP,False,True,c.1640C>A,p.Thr547Lys,CVNFNFNGLTGT,True,netmhcpan,92.5,0.0,87.5,0.0,100.0,0.0
221,VNFNFNGLKGTG,netmhcpan,95.0,0.0,100.0,0.0,100.0,0.0,12,NC_045512.2,23202,S,GU280_gp02,SNP,False,True,c.1640C>A,p.Thr547Lys,VNFNFNGLTGTG,True,netmhcpan,95.0,0.0,100.0,0.0,100.0,0.0
222,NFNFNGLKGTGV,netmhcpan,59.4444,0.0,95.0,0.0,85.0,0.0,12,NC_045512.2,23202,S,GU280_gp02,SNP,False,True,c.1640C>A,p.Thr547Lys,NFNFNGLTGTGV,True,netmhcpan,56.1111,0.0,90.0,0.0,80.0,0.0
223,FNFNGLKGTGVL,netmhcpan,36.5556,0.0001,49.75,0.0001,75.0,0.0,12,NC_045512.2,23202,S,GU280_gp02,SNP,False,True,c.1640C>A,p.Thr547Lys,FNFNGLTGTGVL,True,netmhcpan,39.7143,0.0001,48.0,0.0001,75.0,0.0
224,NFNGLKGTGVLT,netmhcpan,68.0,0.0,69.1667,0.0,75.0,0.0,12,NC_045512.2,23202,S,GU280_gp02,SNP,False,True,c.1640C>A,p.Thr547Lys,NFNGLTGTGVLT,True,netmhcpan,75.0,0.0,90.0,0.0,85.0,0.0
225,FNGLKGTGVLTE,netmhcpan,95.0,0.0,90.0,0.0,100.0,0.0,12,NC_045512.2,23202,S,GU280_gp02,SNP,False,True,c.1640C>A,p.Thr547Lys,FNGLTGTGVLTE,True,netmhcpan,92.5,0.0,95.0,0.0,100.0,0.0
226,NGLKGTGVLTES,netmhcpan,92.5,0.0,85.0,0.0,100.0,0.0,12,NC_045512.2,23202,S,GU280_gp02,SNP,False,True,c.1640C>A,p.Thr547Lys,NGLTGTGVLTES,True,netmhcpan,92.5,0.0,95.0,0.0,100.0,0.0
227,GLKGTGVLTESN,netmhcpan,92.5,0.0,49.0,0.0001,100.0,0.0,12,NC_045512.2,23202,S,GU280_gp02,SNP,False,True,c.1640C>A,p.Thr547Lys,GLTGTGVLTESN,True,netmhcpan,95.0,0.0,83.3333,0.0,100.0,0.0
228,LKGTGVLTESNK,netmhcpan,92.5,0.0,74.0,0.0,85.0,0.0,12,NC_045512.2,23202,S,GU280_gp02,SNP,False,True,c.1640C>A,p.Thr547Lys,LTGTGVLTESNK,True,netmhcpan,92.5,0.0,69.1667,0.0,85.0,0.0
229,KGTGVLTESNKK,netmhcpan,78.3333,0.0,46.6,0.0001,70.0,0.0,12,NC_045512.2,23202,S,GU280_gp02,SNP,False,True,c.1640C>A,p.Thr547Lys,TGTGVLTESNKK,True,netmhcpan,75.0,0.0,62.5,0.0,72.5,0.0
230,NTSNQVAVLYQG,netmhcpan,95.0,0.0,80.0,0.0,85.0,0.0,12,NC_045512.2,23403,S,GU280_gp02,SNP,False,True,c.1841A>G,p.Asp614Gly,NTSNQVAVLYQD,True,netmhcpan,95.0,0.0,80.0,0.0,95.0,0.0
231,TSNQVAVLYQGV,netmhcpan,78.3333,0.0,72.0,0.0,75.0,0.0,12,NC_045512.2,23403,S,GU280_gp02,SNP,False,True,c.1841A>G,p.Asp614Gly,TSNQVAVLYQDV,True,netmhcpan,85.0,0.0,73.0,0.0,80.0,0.0
232,SNQVAVLYQGVN,netmhcpan,100.0,0.0,100.0,0.0,100.0,0.0,12,NC_045512.2,23403,S,GU280_gp02,SNP,False,True,c.1841A>G,p.Asp614Gly,SNQVAVLYQDVN,True,netmhcpan,100.0,0.0,100.0,0.0,100.0,0.0
233,NQVAVLYQGVNC,netmhcpan,90.0,0.0,68.3333,0.0,70.0,0.0,12,NC_045512.2,23403,S,GU280_gp02,SNP,False,True,c.1841A>G,p.Asp614Gly,NQVAVLYQDVNC,True,netmhcpan,92.5,0.0,80.0,0.0,80.0,0.0
234,QVAVLYQGVNCT,netmhcpan,80.0,0.0,68.3333,0.0,80.0,0.0,12,NC_045512.2,23403,S,GU280_gp02,SNP,False,True,c.1841A>G,p.Asp614Gly,QVAVLYQDVNCT,True,netmhcpan,85.0,0.0,78.3333,0.0,85.0,0.0
235,VAVLYQGVNCTE,netmhcpan,90.0,0.0,87.5,0.0,95.0,0.0,12,NC_045512.2,23403,S,GU280_gp02,SNP,False,True,c.1841A>G,p.Asp614Gly,VAVLYQDVNCTE,True,netmhcpan,90.0,0.0,87.5,0.0,85.0,0.0
236,AVLYQGVNCTEV,netmhcpan,55.0,0.0,56.25,0.0,67.5,0.0,12,NC_045512.2,23403,S,GU280_gp02,SNP,False,True,c.1841A>G,p.Asp614Gly,AVLYQDVNCTEV,True,netmhcpan,58.3333,0.0,60.625,0.0,72.5,0.0
237,VLYQGVNCTEVP,netmhcpan,73.75,0.0,36.8333,0.0002,95.0,0.0,12,NC_045512.2,23403,S,GU280_gp02,SNP,False,True,c.1841A>G,p.Asp614Gly,VLYQDVNCTEVP,True,netmhcpan,73.75,0.0,46.0,0.0001,95.0,0.0
238,LYQGVNCTEVPV,netmhcpan,67.0,0.0,83.3333,0.0,95.0,0.0,12,NC_045512.2,23403,S,GU280_gp02,SNP,False,True,c.1841A>G,p.Asp614Gly,LYQDVNCTEVPV,True,netmhcpan,62.1429,0.0,78.3333,0.0,85.0,0.0
239,YQGVNCTEVPVA,netmhcpan,80.0,0.0,45.1667,0.0001,85.0,0.0,12,NC_045512.2,23403,S,GU280_gp02,SNP,False,True,c.1841A>G,p.Asp614Gly,YQDVNCTEVPVA,True,netmhcpan,54.6154,0.0,40.2222,0.0001,67.5,0.0
240,QGVNCTEVPVAI,netmhcpan,57.2222,0.0,81.6667,0.0,72.5,0.0,12,NC_045512.2,23403,S,GU280_gp02,SNP,False,True,c.1841A>G,p.Asp614Gly,QDVNCTEVPVAI,True,netmhcpan,48.0,0.0001,83.3333,0.0,30.8571,0.0001
241,GVNCTEVPVAIH,netmhcpan,71.25,0.0,32.5,0.0002,85.0,0.0,12,NC_045512.2,23403,S,GU280_gp02,SNP,False,True,c.1841A>G,p.Asp614Gly,DVNCTEVPVAIH,True,netmhcpan,71.25,0.0,71.0,0.0,85.0,0.0
242,QTRAGCLIGAEY,netmhcpan,24.7419,0.0003,2.8191,0.0685,19.037,0.0002,12,NC_045512.2,23525,S,GU280_gp02,SNP,False,True,c.1963C>T,p.His655Tyr,QTRAGCLIGAEH,True,netmhcpan,31.5333,0.0002,21.2,0.0007,70.0,0.0
243,TRAGCLIGAEYV,netmhcpan,63.5714,0.0,53.6111,0.0,41.6667,0.0,12,NC_045512.2,23525,S,GU280_gp02,SNP,False,True,c.1963C>T,p.His655Tyr,TRAGCLIGAEHV,True,netmhcpan,66.0,0.0,74.0,0.0,55.0,0.0
244,RAGCLIGAEYVN,netmhcpan,90.0,0.0,62.5,0.0,95.0,0.0,12,NC_045512.2,23525,S,GU280_gp02,SNP,False,True,c.1963C>T,p.His655Tyr,RAGCLIGAEHVN,True,netmhcpan,90.0,0.0,63.125,0.0,100.0,0.0
245,AGCLIGAEYVNN,netmhcpan,100.0,0.0,95.0,0.0,100.0,0.0,12,NC_045512.2,23525,S,GU280_gp02,SNP,False,True,c.1963C>T,p.His655Tyr,AGCLIGAEHVNN,True,netmhcpan,100.0,0.0,100.0,0.0,100.0,0.0
246,GCLIGAEYVNNS,netmhcpan,100.0,0.0,100.0,0.0,100.0,0.0,12,NC_045512.2,23525,S,GU280_gp02,SNP,False,True,c.1963C>T,p.His655Tyr,GCLIGAEHVNNS,True,netmhcpan,95.0,0.0,95.0,0.0,100.0,0.0
247,CLIGAEYVNNSY,netmhcpan,75.0,0.0,3.2237,0.0539,40.0,0.0,12,NC_045512.2,23525,S,GU280_gp02,SNP,False,True,c.1963C>T,p.His655Tyr,CLIGAEHVNNSY,True,netmhcpan,70.0,0.0,3.0027,0.0603,37.6667,0.0
248,LIGAEYVNNSYE,netmhcpan,92.5,0.0,60.625,0.0,70.0,0.0,12,NC_045512.2,23525,S,GU280_gp02,SNP,False,True,c.1963C>T,p.His655Tyr,LIGAEHVNNSYE,True,netmhcpan,90.0,0.0,55.8333,0.0,80.0,0.0
249,IGAEYVNNSYEC,netmhcpan,85.0,0.0,64.375,0.0,80.0,0.0,12,NC_045512.2,23525,S,GU280_gp02,SNP,False,True,c.1963C>T,p.His655Tyr,IGAEHVNNSYEC,True,netmhcpan,85.0,0.0,55.8333,0.0,85.0,0.0
250,GAEYVNNSYECD,netmhcpan,95.0,0.0,90.0,0.0,95.0,0.0,12,NC_045512.2,23525,S,GU280_gp02,SNP,False,True,c.1963C>T,p.His655Tyr,GAEHVNNSYECD,True,netmhcpan,95.0,0.0,87.5,0.0,95.0,0.0
251,AEYVNNSYECDI,netmhcpan,68.0,0.0,69.1667,0.0,6.6606,0.0029,12,NC_045512.2,23525,S,GU280_gp02,SNP,False,True,c.1963C>T,p.His655Tyr,AEHVNNSYECDI,True,netmhcpan,69.0,0.0,75.0,0.0,7.1086,0.0025
252,EYVNNSYECDIP,netmhcpan,92.5,0.0,100.0,0.0,95.0,0.0,12,NC_045512.2,23525,S,GU280_gp02,SNP,False,True,c.1963C>T,p.His655Tyr,EHVNNSYECDIP,True,netmhcpan,92.5,0.0,100.0,0.0,75.0,0.0
253,YVNNSYECDIPI,netmhcpan,57.2222,0.0,45.1667,0.0001,85.0,0.0,12,NC_045512.2,23525,S,GU280_gp02,SNP,False,True,c.1963C>T,p.His655Tyr,HVNNSYECDIPI,True,netmhcpan,46.25,0.0001,49.75,0.0001,85.0,0.0
254,AGICASYQTQTK,netmhcpan,67.0,0.0,54.1667,0.0,72.5,0.0,12,NC_045512.2,23599,S,GU280_gp02,SNP,False,True,c.2037T>G,p.Asn679Lys,AGICASYQTQTN,True,netmhcpan,100.0,0.0,95.0,0.0,100.0,0.0
255,GICASYQTQTKS,netmhcpan,83.3333,0.0,59.1667,0.0,85.0,0.0,12,NC_045512.2,23599,S,GU280_gp02,SNP,False,True,c.2037T>G,p.Asn679Lys,GICASYQTQTNS,True,netmhcpan,85.0,0.0,65.0,0.0,95.0,0.0
256,ICASYQTQTKSH,netmhcpan,75.0,0.0,42.7143,0.0001,75.0,0.0,12,NC_045512.2,"23604,23599",S,GU280_gp02,SNP,False,True,"c.2042C>A,c.2037T>G","p.Pro681His,p.Asn679Lys",ICASYQTQTNSP,False,netmhcpan,80.0,0.0,85.0,0.0,95.0,0.0
257,CASYQTQTKSHR,netmhcpan,80.0,0.0,71.0,0.0,80.0,0.0,12,NC_045512.2,"23604,23599",S,GU280_gp02,SNP,False,True,"c.2042C>A,c.2037T>G","p.Pro681His,p.Asn679Lys",CASYQTQTNSPR,False,netmhcpan,81.6667,0.0,75.0,0.0,95.0,0.0
258,ASYQTQTKSHRR,netmhcpan,60.7143,0.0,32.5,0.0002,39.0,0.0,12,NC_045512.2,"23604,23599",S,GU280_gp02,SNP,False,True,"c.2042C>A,c.2037T>G","p.Pro681His,p.Asn679Lys",ASYQTQTNSPRR,False,netmhcpan,61.4286,0.0,34.6,0.0002,44.5,0.0
259,SYQTQTKSHRRA,netmhcpan,49.0,0.0001,57.5,0.0,53.75,0.0,12,NC_045512.2,"23604,23599",S,GU280_gp02,SNP,False,True,"c.2042C>A,c.2037T>G","p.Pro681His,p.Asn679Lys",SYQTQTNSPRRA,False,netmhcpan,41.8,0.0001,60.625,0.0,46.0,0.0
260,YQTQTKSHRRAR,netmhcpan,47.75,0.0001,34.0,0.0002,53.75,0.0,12,NC_045512.2,"23604,23599",S,GU280_gp02,SNP,False,True,"c.2042C>A,c.2037T>G","p.Pro681His,p.Asn679Lys",YQTQTNSPRRAR,False,netmhcpan,24.0968,0.0003,28.5172,0.0003,41.0,0.0
261,QTQTKSHRRARS,netmhcpan,85.0,0.0,90.0,0.0,85.0,0.0,12,NC_045512.2,"23604,23599",S,GU280_gp02,SNP,False,True,"c.2042C>A,c.2037T>G","p.Pro681His,p.Asn679Lys",QTQTNSPRRARS,False,netmhcpan,80.0,0.0,90.0,0.0,85.0,0.0
262,TQTKSHRRARSV,netmhcpan,44.75,0.0001,35.4,0.0002,43.5,0.0,12,NC_045512.2,"23604,23599",S,GU280_gp02,SNP,False,True,"c.2042C>A,c.2037T>G","p.Pro681His,p.Asn679Lys",TQTNSPRRARSV,False,netmhcpan,45.25,0.0001,41.375,0.0001,41.6667,0.0
263,QTKSHRRARSVA,netmhcpan,24.0645,0.0003,51.3889,0.0001,75.0,0.0,12,NC_045512.2,"23604,23599",S,GU280_gp02,SNP,False,True,"c.2042C>A,c.2037T>G","p.Pro681His,p.Asn679Lys",QTNSPRRARSVA,False,netmhcpan,1.7787,0.0725,50.2778,0.0001,65.0,0.0
264,TKSHRRARSVAS,netmhcpan,71.25,0.0,95.0,0.0,95.0,0.0,12,NC_045512.2,"23604,23599",S,GU280_gp02,SNP,False,True,"c.2042C>A,c.2037T>G","p.Pro681His,p.Asn679Lys",TNSPRRARSVAS,False,netmhcpan,16.973,0.0008,95.0,0.0,95.0,0.0
265,KSHRRARSVASQ,netmhcpan,75.0,0.0,64.375,0.0,85.0,0.0,12,NC_045512.2,"23604,23599",S,GU280_gp02,SNP,False,True,"c.2042C>A,c.2037T>G","p.Pro681His,p.Asn679Lys",NSPRRARSVASQ,False,netmhcpan,36.2222,0.0001,85.0,0.0,85.0,0.0
266,SHRRARSVASQS,netmhcpan,41.4,0.0001,72.0,0.0,80.0,0.0,12,NC_045512.2,23604,S,GU280_gp02,SNP,False,True,c.2042C>A,p.Pro681His,SPRRARSVASQS,True,netmhcpan,2.7078,0.0343,70.0,0.0,60.0,0.0
267,HRRARSVASQSI,netmhcpan,18.6494,0.0006,45.6667,0.0001,67.5,0.0,12,NC_045512.2,23604,S,GU280_gp02,SNP,False,True,c.2042C>A,p.Pro681His,PRRARSVASQSI,True,netmhcpan,43.4,0.0001,80.0,0.0,85.0,0.0
268,LLQYGSFCTQLK,netmhcpan,83.3333,0.0,45.8333,0.0001,80.0,0.0,12,NC_045512.2,23854,S,GU280_gp02,SNP,False,True,c.2292C>A,p.Asn764Lys,LLQYGSFCTQLN,True,netmhcpan,90.0,0.0,81.6667,0.0,100.0,0.0
269,LQYGSFCTQLKR,netmhcpan,65.0,0.0,23.8197,0.0005,50.0,0.0,12,NC_045512.2,23854,S,GU280_gp02,SNP,False,True,c.2292C>A,p.Asn764Lys,LQYGSFCTQLNR,True,netmhcpan,68.0,0.0,27.2222,0.0004,56.25,0.0
270,QYGSFCTQLKRA,netmhcpan,92.5,0.0,95.0,0.0,85.0,0.0,12,NC_045512.2,23854,S,GU280_gp02,SNP,False,True,c.2292C>A,p.Asn764Lys,QYGSFCTQLNRA,True,netmhcpan,90.0,0.0,95.0,0.0,95.0,0.0
271,YGSFCTQLKRAL,netmhcpan,27.4762,0.0002,63.75,0.0,75.0,0.0,12,NC_045512.2,23854,S,GU280_gp02,SNP,False,True,c.2292C>A,p.Asn764Lys,YGSFCTQLNRAL,True,netmhcpan,33.6364,0.0001,63.125,0.0,80.0,0.0
272,GSFCTQLKRALT,netmhcpan,80.0,0.0,83.3333,0.0,95.0,0.0,12,NC_045512.2,23854,S,GU280_gp02,SNP,False,True,c.2292C>A,p.Asn764Lys,GSFCTQLNRALT,True,netmhcpan,83.3333,0.0,85.0,0.0,95.0,0.0
273,SFCTQLKRALTG,netmhcpan,83.3333,0.0,78.3333,0.0,65.0,0.0,12,NC_045512.2,23854,S,GU280_gp02,SNP,False,True,c.2292C>A,p.Asn764Lys,SFCTQLNRALTG,True,netmhcpan,83.3333,0.0,80.0,0.0,70.0,0.0
274,FCTQLKRALTGI,netmhcpan,69.0,0.0,57.0833,0.0,85.0,0.0,12,NC_045512.2,23854,S,GU280_gp02,SNP,False,True,c.2292C>A,p.Asn764Lys,FCTQLNRALTGI,True,netmhcpan,76.6667,0.0,70.0,0.0,85.0,0.0
275,CTQLKRALTGIA,netmhcpan,80.0,0.0,85.0,0.0,95.0,0.0,12,NC_045512.2,23854,S,GU280_gp02,SNP,False,True,c.2292C>A,p.Asn764Lys,CTQLNRALTGIA,True,netmhcpan,81.6667,0.0,87.5,0.0,85.0,0.0
276,TQLKRALTGIAV,netmhcpan,41.0,0.0001,20.9485,0.0007,40.0,0.0,12,NC_045512.2,23854,S,GU280_gp02,SNP,False,True,c.2292C>A,p.Asn764Lys,TQLNRALTGIAV,True,netmhcpan,40.4286,0.0001,22.1286,0.0006,38.0,0.0
277,QLKRALTGIAVE,netmhcpan,68.0,0.0,50.8333,0.0001,75.0,0.0,12,NC_045512.2,23854,S,GU280_gp02,SNP,False,True,c.2292C>A,p.Asn764Lys,QLNRALTGIAVE,True,netmhcpan,70.0,0.0,65.8333,0.0,85.0,0.0
278,LKRALTGIAVEQ,netmhcpan,83.3333,0.0,80.0,0.0,95.0,0.0,12,NC_045512.2,23854,S,GU280_gp02,SNP,False,True,c.2292C>A,p.Asn764Lys,LNRALTGIAVEQ,True,netmhcpan,81.6667,0.0,80.0,0.0,95.0,0.0
279,KRALTGIAVEQD,netmhcpan,71.25,0.0,95.0,0.0,95.0,0.0,12,NC_045512.2,23854,S,GU280_gp02,SNP,False,True,c.2292C>A,p.Asn764Lys,NRALTGIAVEQD,True,netmhcpan,76.6667,0.0,100.0,0.0,100.0,0.0
280,VKQIYKTPPIKY,netmhcpan,52.6923,0.0,3.0309,0.0595,11.6626,0.0008,12,NC_045512.2,23948,S,GU280_gp02,SNP,False,True,c.2386G>T,p.Asp796Tyr,VKQIYKTPPIKD,True,netmhcpan,95.0,0.0,74.0,0.0,95.0,0.0
281,KQIYKTPPIKYF,netmhcpan,34.0,0.0001,0.6661,0.3939,4.1978,0.0081,12,NC_045512.2,23948,S,GU280_gp02,SNP,False,True,c.2386G>T,p.Asp796Tyr,KQIYKTPPIKDF,True,netmhcpan,48.5,0.0001,1.4856,0.1749,7.2877,0.0023
282,QIYKTPPIKYFG,netmhcpan,69.0,0.0,18.3429,0.001,46.0,0.0,12,NC_045512.2,23948,S,GU280_gp02,SNP,False,True,c.2386G>T,p.Asp796Tyr,QIYKTPPIKDFG,True,netmhcpan,81.6667,0.0,44.8333,0.0001,65.0,0.0
283,IYKTPPIKYFGG,netmhcpan,73.75,0.0,45.8333,0.0001,67.5,0.0,12,NC_045512.2,23948,S,GU280_gp02,SNP,False,True,c.2386G>T,p.Asp796Tyr,IYKTPPIKDFGG,True,netmhcpan,78.3333,0.0,81.6667,0.0,85.0,0.0
284,YKTPPIKYFGGF,netmhcpan,12.4522,0.0015,12.6069,0.0026,20.3333,0.0002,12,NC_045512.2,23948,S,GU280_gp02,SNP,False,True,c.2386G>T,p.Asp796Tyr,YKTPPIKDFGGF,True,netmhcpan,7.4685,0.0046,16.3763,0.0014,21.5,0.0002
285,KTPPIKYFGGFN,netmhcpan,56.6667,0.0,68.3333,0.0,80.0,0.0,12,NC_045512.2,23948,S,GU280_gp02,SNP,False,True,c.2386G>T,p.Asp796Tyr,KTPPIKDFGGFN,True,netmhcpan,37.375,0.0001,64.375,0.0,72.5,0.0
286,TPPIKYFGGFNF,netmhcpan,4.2512,0.0144,28.1379,0.0003,24.8333,0.0001,12,NC_045512.2,23948,S,GU280_gp02,SNP,False,True,c.2386G>T,p.Asp796Tyr,TPPIKDFGGFNF,True,netmhcpan,5.368,0.0091,37.6667,0.0001,28.4286,0.0001
287,PPIKYFGGFNFS,netmhcpan,71.25,0.0,95.0,0.0,95.0,0.0,12,NC_045512.2,23948,S,GU280_gp02,SNP,False,True,c.2386G>T,p.Asp796Tyr,PPIKDFGGFNFS,True,netmhcpan,71.25,0.0,95.0,0.0,95.0,0.0
288,PIKYFGGFNFSQ,netmhcpan,100.0,0.0,95.0,0.0,100.0,0.0,12,NC_045512.2,23948,S,GU280_gp02,SNP,False,True,c.2386G>T,p.Asp796Tyr,PIKDFGGFNFSQ,True,netmhcpan,95.0,0.0,85.0,0.0,95.0,0.0
289,IKYFGGFNFSQI,netmhcpan,69.0,0.0,63.125,0.0,67.5,0.0,12,NC_045512.2,23948,S,GU280_gp02,SNP,False,True,c.2386G>T,p.Asp796Tyr,IKDFGGFNFSQI,True,netmhcpan,60.7143,0.0,76.6667,0.0,60.0,0.0
290,KYFGGFNFSQIL,netmhcpan,17.8182,0.0007,25.1136,0.0004,28.5714,0.0001,12,NC_045512.2,23948,S,GU280_gp02,SNP,False,True,c.2386G>T,p.Asp796Tyr,KDFGGFNFSQIL,True,netmhcpan,37.125,0.0001,40.8889,0.0001,15.8871,0.0004
291,YFGGFNFSQILP,netmhcpan,90.0,0.0,90.0,0.0,95.0,0.0,12,NC_045512.2,23948,S,GU280_gp02,SNP,False,True,c.2386G>T,p.Asp796Tyr,DFGGFNFSQILP,True,netmhcpan,83.3333,0.0,95.0,0.0,95.0,0.0
292,AARDLICAQKFK,netmhcpan,44.0,0.0001,32.3,0.0002,50.0,0.0,12,NC_045512.2,24130,S,GU280_gp02,SNP,False,True,c.2568C>A,p.Asn856Lys,AARDLICAQKFN,True,netmhcpan,68.0,0.0,41.625,0.0001,60.0,0.0
293,ARDLICAQKFKG,netmhcpan,92.5,0.0,90.0,0.0,55.0,0.0,12,NC_045512.2,24130,S,GU280_gp02,SNP,False,True,c.2568C>A,p.Asn856Lys,ARDLICAQKFNG,True,netmhcpan,92.5,0.0,95.0,0.0,56.25,0.0
294,RDLICAQKFKGL,netmhcpan,39.5714,0.0001,69.1667,0.0,37.0,0.0,12,NC_045512.2,24130,S,GU280_gp02,SNP,False,True,c.2568C>A,p.Asn856Lys,RDLICAQKFNGL,True,netmhcpan,31.3333,0.0002,65.8333,0.0,41.6667,0.0
295,DLICAQKFKGLT,netmhcpan,90.0,0.0,95.0,0.0,85.0,0.0,12,NC_045512.2,24130,S,GU280_gp02,SNP,False,True,c.2568C>A,p.Asn856Lys,DLICAQKFNGLT,True,netmhcpan,85.0,0.0,95.0,0.0,95.0,0.0
296,LICAQKFKGLTV,netmhcpan,40.8571,0.0001,15.6008,0.0015,60.0,0.0,12,NC_045512.2,24130,S,GU280_gp02,SNP,False,True,c.2568C>A,p.Asn856Lys,LICAQKFNGLTV,True,netmhcpan,56.1111,0.0,14.8339,0.0017,80.0,0.0
297,ICAQKFKGLTVL,netmhcpan,27.4762,0.0002,29.6296,0.0003,62.5,0.0,12,NC_045512.2,24130,S,GU280_gp02,SNP,False,True,c.2568C>A,p.Asn856Lys,ICAQKFNGLTVL,True,netmhcpan,27.0476,0.0003,29.7407,0.0003,65.0,0.0
298,CAQKFKGLTVLP,netmhcpan,90.0,0.0,76.6667,0.0,72.5,0.0,12,NC_045512.2,24130,S,GU280_gp02,SNP,False,True,c.2568C>A,p.Asn856Lys,CAQKFNGLTVLP,True,netmhcpan,83.3333,0.0,75.0,0.0,85.0,0.0
299,AQKFKGLTVLPP,netmhcpan,63.5714,0.0,25.8182,0.0004,29.8333,0.0001,12,NC_045512.2,24130,S,GU280_gp02,SNP,False,True,c.2568C>A,p.Asn856Lys,AQKFNGLTVLPP,True,netmhcpan,62.1429,0.0,23.0328,0.0006,48.0,0.0
300,QKFKGLTVLPPL,netmhcpan,36.1111,0.0001,31.6667,0.0002,39.0,0.0,12,NC_045512.2,24130,S,GU280_gp02,SNP,False,True,c.2568C>A,p.Asn856Lys,QKFNGLTVLPPL,True,netmhcpan,35.2222,0.0001,32.5,0.0002,34.0,0.0001
301,KFKGLTVLPPLL,netmhcpan,21.6939,0.0004,35.5333,0.0002,53.75,0.0,12,NC_045512.2,24130,S,GU280_gp02,SNP,False,True,c.2568C>A,p.Asn856Lys,KFNGLTVLPPLL,True,netmhcpan,21.3061,0.0005,44.3333,0.0001,51.25,0.0
302,FKGLTVLPPLLT,netmhcpan,85.0,0.0,87.5,0.0,95.0,0.0,12,NC_045512.2,24130,S,GU280_gp02,SNP,False,True,c.2568C>A,p.Asn856Lys,FNGLTVLPPLLT,True,netmhcpan,85.0,0.0,87.5,0.0,100.0,0.0
303,KGLTVLPPLLTD,netmhcpan,95.0,0.0,81.6667,0.0,95.0,0.0,12,NC_045512.2,24130,S,GU280_gp02,SNP,False,True,c.2568C>A,p.Asn856Lys,NGLTVLPPLLTD,True,netmhcpan,95.0,0.0,95.0,0.0,95.0,0.0
304,SALGKLQDVVNH,netmhcpan,48.0,0.0001,27.0278,0.0004,52.5,0.0,12,NC_045512.2,24424,S,GU280_gp02,SNP,False,True,c.2862A>T,p.Gln954His,SALGKLQDVVNQ,True,netmhcpan,76.6667,0.0,78.3333,0.0,75.0,0.0
305,ALGKLQDVVNHN,netmhcpan,95.0,0.0,72.0,0.0,80.0,0.0,12,NC_045512.2,24424,S,GU280_gp02,SNP,False,True,c.2862A>T,p.Gln954His,ALGKLQDVVNQN,True,netmhcpan,95.0,0.0,71.0,0.0,80.0,0.0
306,LGKLQDVVNHNA,netmhcpan,83.3333,0.0,73.0,0.0,75.0,0.0,12,NC_045512.2,24424,S,GU280_gp02,SNP,False,True,c.2862A>T,p.Gln954His,LGKLQDVVNQNA,True,netmhcpan,83.3333,0.0,72.0,0.0,75.0,0.0
307,GKLQDVVNHNAQ,netmhcpan,95.0,0.0,81.6667,0.0,85.0,0.0,12,NC_045512.2,24424,S,GU280_gp02,SNP,False,True,c.2862A>T,p.Gln954His,GKLQDVVNQNAQ,True,netmhcpan,95.0,0.0,80.0,0.0,80.0,0.0
308,KLQDVVNHNAQA,netmhcpan,51.5385,0.0,25.4318,0.0004,47.0,0.0,12,NC_045512.2,24424,S,GU280_gp02,SNP,False,True,c.2862A>T,p.Gln954His,KLQDVVNQNAQA,True,netmhcpan,55.5556,0.0,26.8781,0.0004,47.0,0.0
309,LQDVVNHNAQAL,netmhcpan,19.4412,0.0006,11.1931,0.0035,39.0,0.0,12,NC_045512.2,24424,S,GU280_gp02,SNP,False,True,c.2862A>T,p.Gln954His,LQDVVNQNAQAL,True,netmhcpan,17.5227,0.0007,7.7909,0.0085,39.5,0.0
310,QDVVNHNAQALN,netmhcpan,85.0,0.0,95.0,0.0,85.0,0.0,12,NC_045512.2,24424,S,GU280_gp02,SNP,False,True,c.2862A>T,p.Gln954His,QDVVNQNAQALN,True,netmhcpan,76.6667,0.0,87.5,0.0,80.0,0.0
311,DVVNHNAQALNT,netmhcpan,80.0,0.0,95.0,0.0,95.0,0.0,12,NC_045512.2,24424,S,GU280_gp02,SNP,False,True,c.2862A>T,p.Gln954His,DVVNQNAQALNT,True,netmhcpan,83.3333,0.0,90.0,0.0,80.0,0.0
312,VVNHNAQALNTL,netmhcpan,17.0909,0.0008,21.9875,0.0006,57.5,0.0,12,NC_045512.2,24424,S,GU280_gp02,SNP,False,True,c.2862A>T,p.Gln954His,VVNQNAQALNTL,True,netmhcpan,16.1171,0.0009,18.0214,0.0011,58.75,0.0
313,VNHNAQALNTLV,netmhcpan,73.75,0.0,85.0,0.0,85.0,0.0,12,NC_045512.2,24424,S,GU280_gp02,SNP,False,True,c.2862A>T,p.Gln954His,VNQNAQALNTLV,True,netmhcpan,75.0,0.0,87.5,0.0,80.0,0.0
314,NHNAQALNTLVK,netmhcpan,62.1429,0.0,43.7143,0.0001,50.0,0.0,12,NC_045512.2,24424,S,GU280_gp02,SNP,False,True,c.2862A>T,p.Gln954His,NQNAQALNTLVK,True,netmhcpan,69.0,0.0,36.25,0.0002,55.0,0.0
315,HNAQALNTLVKQ,netmhcpan,81.6667,0.0,76.6667,0.0,80.0,0.0,12,NC_045512.2,24424,S,GU280_gp02,SNP,False,True,c.2862A>T,p.Gln954His,QNAQALNTLVKQ,True,netmhcpan,90.0,0.0,81.6667,0.0,80.0,0.0
316,ALNTLVKQLSSK,netmhcpan,75.0,0.0,34.6667,0.0002,72.5,0.0,12,NC_045512.2,24469,S,GU280_gp02,SNP,False,True,c.2907T>A,p.Asn969Lys,ALNTLVKQLSSN,True,netmhcpan,95.0,0.0,71.0,0.0,95.0,0.0
317,LNTLVKQLSSKF,netmhcpan,38.1429,0.0001,5.7429,0.0166,45.5,0.0,12,NC_045512.2,24469,S,GU280_gp02,SNP,False,True,c.2907T>A,p.Asn969Lys,LNTLVKQLSSNF,True,netmhcpan,43.6,0.0001,6.9339,0.011,58.75,0.0
318,NTLVKQLSSKFG,netmhcpan,80.0,0.0,61.25,0.0,85.0,0.0,12,NC_045512.2,24469,S,GU280_gp02,SNP,False,True,c.2907T>A,p.Asn969Lys,NTLVKQLSSNFG,True,netmhcpan,83.3333,0.0,64.375,0.0,95.0,0.0
319,TLVKQLSSKFGA,netmhcpan,61.4286,0.0,40.5556,0.0001,57.5,0.0,12,NC_045512.2,24469,S,GU280_gp02,SNP,False,True,c.2907T>A,p.Asn969Lys,TLVKQLSSNFGA,True,netmhcpan,62.1429,0.0,45.8333,0.0001,56.25,0.0
320,LVKQLSSKFGAI,netmhcpan,25.2,0.0003,32.65,0.0002,80.0,0.0,12,NC_045512.2,24469,S,GU280_gp02,SNP,False,True,c.2907T>A,p.Asn969Lys,LVKQLSSNFGAI,True,netmhcpan,31.0,0.0002,33.4375,0.0002,85.0,0.0
321,VKQLSSKFGAIS,netmhcpan,95.0,0.0,90.0,0.0,100.0,0.0,12,NC_045512.2,24469,S,GU280_gp02,SNP,False,True,c.2907T>A,p.Asn969Lys,VKQLSSNFGAIS,True,netmhcpan,95.0,0.0,90.0,0.0,100.0,0.0
322,KQLSSKFGAISS,netmhcpan,72.5,0.0,34.2667,0.0002,67.5,0.0,12,NC_045512.2,24469,S,GU280_gp02,SNP,False,True,c.2907T>A,p.Asn969Lys,KQLSSNFGAISS,True,netmhcpan,73.75,0.0,39.4,0.0001,70.0,0.0
323,QLSSKFGAISSV,netmhcpan,35.0,0.0001,28.4138,0.0003,47.0,0.0,12,NC_045512.2,24469,S,GU280_gp02,SNP,False,True,c.2907T>A,p.Asn969Lys,QLSSNFGAISSV,True,netmhcpan,41.6,0.0001,28.7931,0.0003,62.5,0.0
324,LSSKFGAISSVL,netmhcpan,25.9333,0.0003,39.3,0.0001,80.0,0.0,12,NC_045512.2,24469,S,GU280_gp02,SNP,False,True,c.2907T>A,p.Asn969Lys,LSSNFGAISSVL,True,netmhcpan,31.9333,0.0002,41.375,0.0001,85.0,0.0
325,SSKFGAISSVLN,netmhcpan,60.7143,0.0,72.0,0.0,95.0,0.0,12,NC_045512.2,24469,S,GU280_gp02,SNP,False,True,c.2907T>A,p.Asn969Lys,SSNFGAISSVLN,True,netmhcpan,76.6667,0.0,83.3333,0.0,95.0,0.0
326,SKFGAISSVLND,netmhcpan,81.6667,0.0,87.5,0.0,95.0,0.0,12,NC_045512.2,24469,S,GU280_gp02,SNP,False,True,c.2907T>A,p.Asn969Lys,SNFGAISSVLND,True,netmhcpan,92.5,0.0,90.0,0.0,95.0,0.0
327,KFGAISSVLNDI,netmhcpan,78.3333,0.0,83.3333,0.0,85.0,0.0,12,NC_045512.2,24469,S,GU280_gp02,SNP,False,True,c.2907T>A,p.Asn969Lys,NFGAISSVLNDI,True,netmhcpan,70.0,0.0,90.0,0.0,85.0,0.0
328,FGAISSVLNDIF,netmhcpan,70.0,0.0,30.3333,0.0003,70.0,0.0,12,NC_045512.2,24503,S,GU280_gp02,SNP,False,True,c.2941C>T,p.Leu981Phe,FGAISSVLNDIL,True,netmhcpan,55.0,0.0,76.6667,0.0,95.0,0.0
329,GAISSVLNDIFS,netmhcpan,90.0,0.0,67.5,0.0,75.0,0.0,12,NC_045512.2,24503,S,GU280_gp02,SNP,False,True,c.2941C>T,p.Leu981Phe,GAISSVLNDILS,True,netmhcpan,85.0,0.0,80.0,0.0,85.0,0.0
330,AISSVLNDIFSR,netmhcpan,61.4286,0.0,52.7778,0.0,55.0,0.0,12,NC_045512.2,24503,S,GU280_gp02,SNP,False,True,c.2941C>T,p.Leu981Phe,AISSVLNDILSR,True,netmhcpan,54.2308,0.0,46.2,0.0001,51.25,0.0
331,ISSVLNDIFSRL,netmhcpan,41.8,0.0001,21.7125,0.0007,52.5,0.0,12,NC_045512.2,24503,S,GU280_gp02,SNP,False,True,c.2941C>T,p.Leu981Phe,ISSVLNDILSRL,True,netmhcpan,40.7143,0.0001,23.5738,0.0005,62.5,0.0
332,SSVLNDIFSRLD,netmhcpan,80.0,0.0,73.0,0.0,80.0,0.0,12,NC_045512.2,24503,S,GU280_gp02,SNP,False,True,c.2941C>T,p.Leu981Phe,SSVLNDILSRLD,True,netmhcpan,80.0,0.0,74.0,0.0,85.0,0.0
333,SVLNDIFSRLDK,netmhcpan,65.0,0.0,59.1667,0.0,62.5,0.0,12,NC_045512.2,24503,S,GU280_gp02,SNP,False,True,c.2941C>T,p.Leu981Phe,SVLNDILSRLDK,True,netmhcpan,60.0,0.0,44.8333,0.0001,57.5,0.0
334,VLNDIFSRLDKV,netmhcpan,67.0,0.0,37.9167,0.0001,70.0,0.0,12,NC_045512.2,24503,S,GU280_gp02,SNP,False,True,c.2941C>T,p.Leu981Phe,VLNDILSRLDKV,True,netmhcpan,68.0,0.0,42.2857,0.0001,70.0,0.0
335,LNDIFSRLDKVE,netmhcpan,100.0,0.0,100.0,0.0,100.0,0.0,12,NC_045512.2,24503,S,GU280_gp02,SNP,False,True,c.2941C>T,p.Leu981Phe,LNDILSRLDKVE,True,netmhcpan,100.0,0.0,95.0,0.0,100.0,0.0
336,NDIFSRLDKVEA,netmhcpan,54.6154,0.0,85.0,0.0,53.75,0.0,12,NC_045512.2,24503,S,GU280_gp02,SNP,False,True,c.2941C>T,p.Leu981Phe,NDILSRLDKVEA,True,netmhcpan,54.6154,0.0,85.0,0.0,52.5,0.0
337,DIFSRLDKVEAE,netmhcpan,80.0,0.0,81.6667,0.0,85.0,0.0,12,NC_045512.2,24503,S,GU280_gp02,SNP,False,True,c.2941C>T,p.Leu981Phe,DILSRLDKVEAE,True,netmhcpan,90.0,0.0,90.0,0.0,95.0,0.0
338,IFSRLDKVEAEV,netmhcpan,56.6667,0.0,70.0,0.0,80.0,0.0,12,NC_045512.2,24503,S,GU280_gp02,SNP,False,True,c.2941C>T,p.Leu981Phe,ILSRLDKVEAEV,True,netmhcpan,68.0,0.0,59.5833,0.0,85.0,0.0
339,FSRLDKVEAEVQ,netmhcpan,80.0,0.0,76.6667,0.0,95.0,0.0,12,NC_045512.2,24503,S,GU280_gp02,SNP,False,True,c.2941C>T,p.Leu981Phe,LSRLDKVEAEVQ,True,netmhcpan,90.0,0.0,83.3333,0.0,95.0,0.0
340,LLVAAGLEAPFF,netmhcpan,64.2857,0.0,5.4276,0.0188,70.0,0.0,12,NC_045512.2,25708,ORF3a,GU280_gp03,SNP,False,False,c.316C>T,p.Leu106Phe,LLVAAGLEAPFL,True,netmhcpan,45.25,0.0001,26.8537,0.0004,95.0,0.0
341,LVAAGLEAPFFY,netmhcpan,58.8889,0.0,4.0921,0.0338,40.0,0.0,12,NC_045512.2,25708,ORF3a,GU280_gp03,SNP,False,False,c.316C>T,p.Leu106Phe,LVAAGLEAPFLY,True,netmhcpan,57.2222,0.0,3.9188,0.0369,29.1667,0.0001
342,VAAGLEAPFFYL,netmhcpan,34.3636,0.0001,40.7778,0.0001,72.5,0.0,12,NC_045512.2,25708,ORF3a,GU280_gp03,SNP,False,False,c.316C>T,p.Leu106Phe,VAAGLEAPFLYL,True,netmhcpan,22.4762,0.0004,31.5714,0.0002,60.0,0.0
343,AAGLEAPFFYLY,netmhcpan,71.25,0.0,8.4539,0.007,0.3948,0.4565,12,NC_045512.2,25708,ORF3a,GU280_gp03,SNP,False,False,c.316C>T,p.Leu106Phe,AAGLEAPFLYLY,True,netmhcpan,68.0,0.0,8.4581,0.007,0.3312,0.5246
344,AGLEAPFFYLYA,netmhcpan,80.0,0.0,54.7222,0.0,3.0755,0.0151,12,NC_045512.2,25708,ORF3a,GU280_gp03,SNP,False,False,c.316C>T,p.Leu106Phe,AGLEAPFLYLYA,True,netmhcpan,80.0,0.0,53.3333,0.0,2.798,0.0184
345,GLEAPFFYLYAL,netmhcpan,10.9891,0.002,49.5,0.0001,11.319,0.0008,12,NC_045512.2,25708,ORF3a,GU280_gp03,SNP,False,False,c.316C>T,p.Leu106Phe,GLEAPFLYLYAL,True,netmhcpan,9.9413,0.0025,44.3333,0.0001,11.0368,0.0009
346,LEAPFFYLYALV,netmhcpan,62.1429,0.0,68.3333,0.0,15.4194,0.0004,12,NC_045512.2,25708,ORF3a,GU280_gp03,SNP,False,False,c.316C>T,p.Leu106Phe,LEAPFLYLYALV,True,netmhcpan,62.1429,0.0,67.5,0.0,15.6613,0.0004
347,EAPFFYLYALVY,netmhcpan,60.7143,0.0,20.7423,0.0007,27.5,0.0001,12,NC_045512.2,25708,ORF3a,GU280_gp03,SNP,False,False,c.316C>T,p.Leu106Phe,EAPFLYLYALVY,True,netmhcpan,62.1429,0.0,15.9605,0.0014,29.8333,0.0001
348,APFFYLYALVYF,netmhcpan,6.4163,0.0062,45.5,0.0001,33.25,0.0001,12,NC_045512.2,25708,ORF3a,GU280_gp03,SNP,False,False,c.316C>T,p.Leu106Phe,APFLYLYALVYF,True,netmhcpan,6.167,0.0068,42.4286,0.0001,32.4,0.0001
349,PFFYLYALVYFL,netmhcpan,100.0,0.0,90.0,0.0,95.0,0.0,12,NC_045512.2,25708,ORF3a,GU280_gp03,SNP,False,False,c.316C>T,p.Leu106Phe,PFLYLYALVYFL,True,netmhcpan,95.0,0.0,87.5,0.0,95.0,0.0
350,FFYLYALVYFLQ,netmhcpan,100.0,0.0,87.5,0.0,95.0,0.0,12,NC_045512.2,25708,ORF3a,GU280_gp03,SNP,False,False,c.316C>T,p.Leu106Phe,FLYLYALVYFLQ,True,netmhcpan,95.0,0.0,70.0,0.0,100.0,0.0
351,FYLYALVYFLQS,netmhcpan,100.0,0.0,95.0,0.0,100.0,0.0,12,NC_045512.2,25708,ORF3a,GU280_gp03,SNP,False,False,c.316C>T,p.Leu106Phe,LYLYALVYFLQS,True,netmhcpan,100.0,0.0,95.0,0.0,100.0,0.0
352,MYSFVSEEIGTL,netmhcpan,25.1667,0.0003,31.2857,0.0002,39.0,0.0,12,NC_045512.2,26270,E,GU280_gp04,SNP,False,False,c.26C>T,p.Thr9Ile,MYSFVSEETGTL,True,netmhcpan,20.0714,0.0005,28.9655,0.0003,38.3333,0.0
353,YSFVSEEIGTLI,netmhcpan,53.0769,0.0,45.3333,0.0001,67.5,0.0,12,NC_045512.2,26270,E,GU280_gp04,SNP,False,False,c.26C>T,p.Thr9Ile,YSFVSEETGTLI,True,netmhcpan,45.75,0.0001,37.6667,0.0001,62.5,0.0
354,SFVSEEIGTLIV,netmhcpan,51.5385,0.0,76.6667,0.0,22.9412,0.0001,12,NC_045512.2,26270,E,GU280_gp04,SNP,False,False,c.26C>T,p.Thr9Ile,SFVSEETGTLIV,True,netmhcpan,49.0,0.0001,76.6667,0.0,16.898,0.0003
355,FVSEEIGTLIVN,netmhcpan,81.6667,0.0,80.0,0.0,67.5,0.0,12,NC_045512.2,26270,E,GU280_gp04,SNP,False,False,c.26C>T,p.Thr9Ile,FVSEETGTLIVN,True,netmhcpan,78.3333,0.0,83.3333,0.0,85.0,0.0
356,VSEEIGTLIVNS,netmhcpan,90.0,0.0,95.0,0.0,85.0,0.0,12,NC_045512.2,26270,E,GU280_gp04,SNP,False,False,c.26C>T,p.Thr9Ile,VSEETGTLIVNS,True,netmhcpan,85.0,0.0,95.0,0.0,85.0,0.0
357,SEEIGTLIVNSV,netmhcpan,35.7778,0.0001,69.1667,0.0,6.4679,0.0031,12,NC_045512.2,26270,E,GU280_gp04,SNP,False,False,c.26C>T,p.Thr9Ile,SEETGTLIVNSV,True,netmhcpan,35.1111,0.0001,65.8333,0.0,5.6106,0.0043
358,EEIGTLIVNSVL,netmhcpan,23.0769,0.0004,27.3611,0.0004,1.4332,0.0659,12,NC_045512.2,26270,E,GU280_gp04,SNP,False,False,c.26C>T,p.Thr9Ile,EETGTLIVNSVL,True,netmhcpan,26.7692,0.0003,43.1429,0.0001,3.1623,0.0144
359,EIGTLIVNSVLL,netmhcpan,53.4615,0.0,66.6667,0.0,72.5,0.0,12,NC_045512.2,26270,E,GU280_gp04,SNP,False,False,c.26C>T,p.Thr9Ile,ETGTLIVNSVLL,True,netmhcpan,50.0,0.0,66.6667,0.0,67.5,0.0
360,IGTLIVNSVLLF,netmhcpan,76.6667,0.0,12.0458,0.0029,65.0,0.0,12,NC_045512.2,26270,E,GU280_gp04,SNP,False,False,c.26C>T,p.Thr9Ile,TGTLIVNSVLLF,True,netmhcpan,62.8571,0.0,13.9977,0.002,49.0,0.0
361,IFLWLLWPVTLT,netmhcpan,90.0,0.0,87.5,0.0,100.0,0.0,12,NC_045512.2,26709,M,GU280_gp05,SNP,False,False,c.187G>A,p.Ala63Thr,IFLWLLWPVTLA,True,netmhcpan,83.3333,0.0,80.0,0.0,95.0,0.0
362,FLWLLWPVTLTC,netmhcpan,81.6667,0.0,72.0,0.0,95.0,0.0,12,NC_045512.2,26709,M,GU280_gp05,SNP,False,False,c.187G>A,p.Ala63Thr,FLWLLWPVTLAC,True,netmhcpan,81.6667,0.0,75.0,0.0,100.0,0.0
363,LWLLWPVTLTCF,netmhcpan,90.0,0.0,41.5,0.0001,75.0,0.0,12,NC_045512.2,26709,M,GU280_gp05,SNP,False,False,c.187G>A,p.Ala63Thr,LWLLWPVTLACF,True,netmhcpan,90.0,0.0,45.8333,0.0001,75.0,0.0
364,WLLWPVTLTCFV,netmhcpan,45.75,0.0001,80.0,0.0,95.0,0.0,12,NC_045512.2,26709,M,GU280_gp05,SNP,False,False,c.187G>A,p.Ala63Thr,WLLWPVTLACFV,True,netmhcpan,56.1111,0.0,81.6667,0.0,95.0,0.0
365,LLWPVTLTCFVL,netmhcpan,31.6667,0.0002,21.425,0.0007,70.0,0.0,12,NC_045512.2,26709,M,GU280_gp05,SNP,False,False,c.187G>A,p.Ala63Thr,LLWPVTLACFVL,True,netmhcpan,31.3333,0.0002,24.56,0.0005,75.0,0.0
366,LWPVTLTCFVLA,netmhcpan,83.3333,0.0,95.0,0.0,100.0,0.0,12,NC_045512.2,26709,M,GU280_gp05,SNP,False,False,c.187G>A,p.Ala63Thr,LWPVTLACFVLA,True,netmhcpan,90.0,0.0,95.0,0.0,100.0,0.0
367,WPVTLTCFVLAA,netmhcpan,16.4414,0.0008,95.0,0.0,95.0,0.0,12,NC_045512.2,26709,M,GU280_gp05,SNP,False,False,c.187G>A,p.Ala63Thr,WPVTLACFVLAA,True,netmhcpan,20.5714,0.0005,95.0,0.0,95.0,0.0
368,PVTLTCFVLAAV,netmhcpan,95.0,0.0,95.0,0.0,100.0,0.0,12,NC_045512.2,26709,M,GU280_gp05,SNP,False,False,c.187G>A,p.Ala63Thr,PVTLACFVLAAV,True,netmhcpan,95.0,0.0,95.0,0.0,100.0,0.0
369,VTLTCFVLAAVY,netmhcpan,90.0,0.0,11.651,0.0032,56.25,0.0,12,NC_045512.2,26709,M,GU280_gp05,SNP,False,False,c.187G>A,p.Ala63Thr,VTLACFVLAAVY,True,netmhcpan,90.0,0.0,11.4676,0.0033,57.5,0.0
370,TLTCFVLAAVYR,netmhcpan,90.0,0.0,43.8571,0.0001,85.0,0.0,12,NC_045512.2,26709,M,GU280_gp05,SNP,False,False,c.187G>A,p.Ala63Thr,TLACFVLAAVYR,True,netmhcpan,85.0,0.0,41.375,0.0001,80.0,0.0
371,LTCFVLAAVYRI,netmhcpan,90.0,0.0,72.0,0.0,95.0,0.0,12,NC_045512.2,26709,M,GU280_gp05,SNP,False,False,c.187G>A,p.Ala63Thr,LACFVLAAVYRI,True,netmhcpan,90.0,0.0,72.0,0.0,95.0,0.0
372,TCFVLAAVYRIN,netmhcpan,100.0,0.0,95.0,0.0,100.0,0.0,12,NC_045512.2,26709,M,GU280_gp05,SNP,False,False,c.187G>A,p.Ala63Thr,ACFVLAAVYRIN,True,netmhcpan,100.0,0.0,90.0,0.0,95.0,0.0
373,ITVEELKKLLEE,netmhcpan,90.0,0.0,83.3333,0.0,72.5,0.0,12,NC_045512.2,26577,M,GU280_gp05,SNP,False,False,c.55C>G,p.Gln19Glu,ITVEELKKLLEQ,True,netmhcpan,76.6667,0.0,74.0,0.0,65.0,0.0
374,TVEELKKLLEEW,netmhcpan,53.0769,0.0,17.9412,0.0011,5.6225,0.0043,12,NC_045512.2,26577,M,GU280_gp05,SNP,False,False,c.55C>G,p.Gln19Glu,TVEELKKLLEQW,True,netmhcpan,51.9231,0.0,18.7286,0.001,5.0412,0.0054
375,VEELKKLLEEWN,netmhcpan,92.5,0.0,60.625,0.0,8.9497,0.0014,12,NC_045512.2,26577,M,GU280_gp05,SNP,False,False,c.55C>G,p.Gln19Glu,VEELKKLLEQWN,True,netmhcpan,95.0,0.0,60.0,0.0,8.3821,0.0017
376,EELKKLLEEWNL,netmhcpan,36.0,0.0001,56.6667,0.0,3.254,0.0137,12,NC_045512.2,26577,M,GU280_gp05,SNP,False,False,c.55C>G,p.Gln19Glu,EELKKLLEQWNL,True,netmhcpan,35.2222,0.0001,55.8333,0.0,2.5778,0.0212
377,ELKKLLEEWNLV,netmhcpan,64.2857,0.0,57.0833,0.0,45.5,0.0,12,NC_045512.2,26577,M,GU280_gp05,SNP,False,False,c.55C>G,p.Gln19Glu,ELKKLLEQWNLV,True,netmhcpan,63.5714,0.0,59.1667,0.0,44.5,0.0
378,LKKLLEEWNLVI,netmhcpan,80.0,0.0,72.0,0.0,85.0,0.0,12,NC_045512.2,26577,M,GU280_gp05,SNP,False,False,c.55C>G,p.Gln19Glu,LKKLLEQWNLVI,True,netmhcpan,85.0,0.0,78.3333,0.0,95.0,0.0
379,KKLLEEWNLVIG,netmhcpan,95.0,0.0,95.0,0.0,85.0,0.0,12,NC_045512.2,26577,M,GU280_gp05,SNP,False,False,c.55C>G,p.Gln19Glu,KKLLEQWNLVIG,True,netmhcpan,95.0,0.0,95.0,0.0,75.0,0.0
380,KLLEEWNLVIGF,netmhcpan,62.1429,0.0,7.327,0.0097,1.6683,0.0504,12,NC_045512.2,26577,M,GU280_gp05,SNP,False,False,c.55C>G,p.Gln19Glu,KLLEQWNLVIGF,True,netmhcpan,56.6667,0.0,6.482,0.0127,19.7407,0.0002
381,LLEEWNLVIGFL,netmhcpan,49.6667,0.0,55.0,0.0,27.75,0.0001,12,NC_045512.2,26577,M,GU280_gp05,SNP,False,False,c.55C>G,p.Gln19Glu,LLEQWNLVIGFL,True,netmhcpan,55.0,0.0,57.9167,0.0,70.0,0.0
382,LEEWNLVIGFLF,netmhcpan,71.25,0.0,44.5,0.0001,4.0362,0.0088,12,NC_045512.2,26577,M,GU280_gp05,SNP,False,False,c.55C>G,p.Gln19Glu,LEQWNLVIGFLF,True,netmhcpan,75.0,0.0,36.0833,0.0002,3.8638,0.0097
383,EEWNLVIGFLFL,netmhcpan,39.7143,0.0001,57.0833,0.0,2.3938,0.025,12,NC_045512.2,26577,M,GU280_gp05,SNP,False,False,c.55C>G,p.Gln19Glu,EQWNLVIGFLFL,True,netmhcpan,61.4286,0.0,30.9583,0.0003,22.0588,0.0002
384,EWNLVIGFLFLT,netmhcpan,95.0,0.0,100.0,0.0,95.0,0.0,12,NC_045512.2,26577,M,GU280_gp05,SNP,False,False,c.55C>G,p.Gln19Glu,QWNLVIGFLFLT,True,netmhcpan,95.0,0.0,95.0,0.0,95.0,0.0
385,MAGSNGTITVEE,netmhcpan,80.0,0.0,87.5,0.0,100.0,0.0,12,NC_045512.2,26530,M,GU280_gp05,SNP,False,False,c.8A>G,p.Asp3Gly,MADSNGTITVEE,True,netmhcpan,56.6667,0.0,78.3333,0.0,85.0,0.0
386,AGSNGTITVEEL,netmhcpan,32.0769,0.0002,54.7222,0.0,75.0,0.0,12,NC_045512.2,26530,M,GU280_gp05,SNP,False,False,c.8A>G,p.Asp3Gly,ADSNGTITVEEL,True,netmhcpan,40.1429,0.0001,72.0,0.0,18.7188,0.0002
387,GSNGTITVEELK,netmhcpan,80.0,0.0,33.125,0.0002,62.5,0.0,12,NC_045512.2,26530,M,GU280_gp05,SNP,False,False,c.8A>G,p.Asp3Gly,DSNGTITVEELK,True,netmhcpan,73.75,0.0,80.0,0.0,62.5,0.0
388,TYTGAIKLDDKG,netmhcpan,95.0,0.0,100.0,0.0,95.0,0.0,12,NC_045512.2,29301,N,GU280_gp10,SNP,False,False,c.1028A>G,p.Asp343Gly,TYTGAIKLDDKD,True,netmhcpan,100.0,0.0,100.0,0.0,100.0,0.0
389,YTGAIKLDDKGP,netmhcpan,92.5,0.0,85.0,0.0,95.0,0.0,12,NC_045512.2,29301,N,GU280_gp10,SNP,False,False,c.1028A>G,p.Asp343Gly,YTGAIKLDDKDP,True,netmhcpan,95.0,0.0,95.0,0.0,100.0,0.0
390,TGAIKLDDKGPN,netmhcpan,100.0,0.0,100.0,0.0,100.0,0.0,12,NC_045512.2,29301,N,GU280_gp10,SNP,False,False,c.1028A>G,p.Asp343Gly,TGAIKLDDKDPN,True,netmhcpan,100.0,0.0,100.0,0.0,100.0,0.0
391,GAIKLDDKGPNF,netmhcpan,17.9432,0.0007,8.138,0.0077,20.5833,0.0002,12,NC_045512.2,29301,N,GU280_gp10,SNP,False,False,c.1028A>G,p.Asp343Gly,GAIKLDDKDPNF,True,netmhcpan,28.25,0.0002,12.8969,0.0025,25.0,0.0001
392,AIKLDDKGPNFK,netmhcpan,44.25,0.0001,23.7049,0.0005,42.0,0.0,12,NC_045512.2,29301,N,GU280_gp10,SNP,False,False,c.1028A>G,p.Asp343Gly,AIKLDDKDPNFK,True,netmhcpan,60.0,0.0,34.0667,0.0002,49.5,0.0
393,IKLDDKGPNFKD,netmhcpan,75.0,0.0,76.6667,0.0,75.0,0.0,12,NC_045512.2,29301,N,GU280_gp10,SNP,False,False,c.1028A>G,p.Asp343Gly,IKLDDKDPNFKD,True,netmhcpan,85.0,0.0,85.0,0.0,80.0,0.0
394,KLDDKGPNFKDQ,netmhcpan,71.25,0.0,50.0,0.0001,72.5,0.0,12,NC_045512.2,29301,N,GU280_gp10,SNP,False,False,c.1028A>G,p.Asp343Gly,KLDDKDPNFKDQ,True,netmhcpan,85.0,0.0,65.0,0.0,80.0,0.0
395,LDDKGPNFKDQV,netmhcpan,60.0,0.0,87.5,0.0,62.5,0.0,12,NC_045512.2,29301,N,GU280_gp10,SNP,False,False,c.1028A>G,p.Asp343Gly,LDDKDPNFKDQV,True,netmhcpan,70.0,0.0,90.0,0.0,67.5,0.0
396,DDKGPNFKDQVI,netmhcpan,20.1964,0.0005,78.3333,0.0,22.0588,0.0002,12,NC_045512.2,29301,N,GU280_gp10,SNP,False,False,c.1028A>G,p.Asp343Gly,DDKDPNFKDQVI,True,netmhcpan,20.7857,0.0005,74.0,0.0,19.9259,0.0002
397,DKGPNFKDQVIL,netmhcpan,32.9231,0.0002,63.125,0.0,41.3333,0.0,12,NC_045512.2,29301,N,GU280_gp10,SNP,False,False,c.1028A>G,p.Asp343Gly,DKDPNFKDQVIL,True,netmhcpan,39.1429,0.0001,53.3333,0.0,27.875,0.0001
398,KGPNFKDQVILL,netmhcpan,14.8133,0.001,30.7917,0.0003,43.0,0.0,12,NC_045512.2,29301,N,GU280_gp10,SNP,False,False,c.1028A>G,p.Asp343Gly,KDPNFKDQVILL,True,netmhcpan,21.9592,0.0004,30.5833,0.0003,20.9167,0.0002
399,GPNFKDQVILLN,netmhcpan,15.6148,0.0009,87.5,0.0,72.5,0.0,12,NC_045512.2,29301,N,GU280_gp10,SNP,False,False,c.1028A>G,p.Asp343Gly,DPNFKDQVILLN,True,netmhcpan,31.6,0.0002,90.0,0.0,85.0,0.0
400,SSRNSTPGSSRR,netmhcpan,40.4286,0.0001,32.7,0.0002,41.6667,0.0,12,NC_045512.2,28883,N,GU280_gp10,SNP,False,False,c.610G>C,p.Gly204Arg,SSRNSTPGSSRG,True,netmhcpan,59.4444,0.0,61.25,0.0,70.0,0.0
401,SRNSTPGSSRRT,netmhcpan,61.4286,0.0,80.0,0.0,58.75,0.0,12,NC_045512.2,28883,N,GU280_gp10,SNP,False,False,c.610G>C,p.Gly204Arg,SRNSTPGSSRGT,True,netmhcpan,63.5714,0.0,85.0,0.0,67.5,0.0
402,RNSTPGSSRRTS,netmhcpan,6.76,0.0056,76.6667,0.0,75.0,0.0,12,NC_045512.2,28883,N,GU280_gp10,SNP,False,False,c.610G>C,p.Gly204Arg,RNSTPGSSRGTS,True,netmhcpan,7.7272,0.0043,76.6667,0.0,80.0,0.0
403,NSTPGSSRRTSP,netmhcpan,58.8889,0.0,83.3333,0.0,80.0,0.0,12,NC_045512.2,28883,N,GU280_gp10,SNP,False,False,c.610G>C,p.Gly204Arg,NSTPGSSRGTSP,True,netmhcpan,60.7143,0.0,81.6667,0.0,80.0,0.0
404,STPGSSRRTSPA,netmhcpan,25.7333,0.0003,62.5,0.0,72.5,0.0,12,NC_045512.2,28883,N,GU280_gp10,SNP,False,False,c.610G>C,p.Gly204Arg,STPGSSRGTSPA,True,netmhcpan,29.0,0.0002,63.75,0.0,80.0,0.0
405,TPGSSRRTSPAR,netmhcpan,8.7028,0.0033,64.375,0.0,50.0,0.0,12,NC_045512.2,28883,N,GU280_gp10,SNP,False,False,c.610G>C,p.Gly204Arg,TPGSSRGTSPAR,True,netmhcpan,7.0477,0.0052,46.6,0.0001,44.5,0.0
406,PGSSRRTSPARM,netmhcpan,49.6667,0.0,74.0,0.0,95.0,0.0,12,NC_045512.2,28883,N,GU280_gp10,SNP,False,False,c.610G>C,p.Gly204Arg,PGSSRGTSPARM,True,netmhcpan,45.0,0.0001,70.0,0.0,95.0,0.0
407,GSSRRTSPARMA,netmhcpan,62.8571,0.0,71.0,0.0,60.0,0.0,12,NC_045512.2,28883,N,GU280_gp10,SNP,False,False,c.610G>C,p.Gly204Arg,GSSRGTSPARMA,True,netmhcpan,67.0,0.0,71.0,0.0,72.5,0.0
408,SSRRTSPARMAG,netmhcpan,34.5455,0.0001,73.0,0.0,85.0,0.0,12,NC_045512.2,28883,N,GU280_gp10,SNP,False,False,c.610G>C,p.Gly204Arg,SSRGTSPARMAG,True,netmhcpan,33.4545,0.0001,67.5,0.0,95.0,0.0
409,SRRTSPARMAGN,netmhcpan,81.6667,0.0,95.0,0.0,95.0,0.0,12,NC_045512.2,28883,N,GU280_gp10,SNP,False,False,c.610G>C,p.Gly204Arg,SRGTSPARMAGN,True,netmhcpan,92.5,0.0,100.0,0.0,95.0,0.0
410,RRTSPARMAGNG,netmhcpan,46.75,0.0001,95.0,0.0,85.0,0.0,12,NC_045512.2,28883,N,GU280_gp10,SNP,False,False,c.610G>C,p.Gly204Arg,RGTSPARMAGNG,True,netmhcpan,46.75,0.0001,100.0,0.0,100.0,0.0
411,RTSPARMAGNGG,netmhcpan,53.0769,0.0,67.5,0.0,95.0,0.0,12,NC_045512.2,28883,N,GU280_gp10,SNP,False,False,c.610G>C,p.Gly204Arg,GTSPARMAGNGG,True,netmhcpan,81.6667,0.0,87.5,0.0,100.0,0.0
412,NSSRNSTPGSSK,netmhcpan,51.1538,0.0,42.0,0.0001,48.0,0.0,12,NC_045512.2,28881,N,GU280_gp10,SNP,False,False,c.608G>A,p.Arg203Lys,NSSRNSTPGSSR,True,netmhcpan,40.7143,0.0001,57.9167,0.0,43.0,0.0
413,SSRNSTPGSSKG,netmhcpan,58.8889,0.0,51.9444,0.0001,75.0,0.0,12,NC_045512.2,28881,N,GU280_gp10,SNP,False,False,c.608G>A,p.Arg203Lys,SSRNSTPGSSRG,True,netmhcpan,59.4444,0.0,61.25,0.0,70.0,0.0
414,SRNSTPGSSKGT,netmhcpan,69.0,0.0,85.0,0.0,70.0,0.0,12,NC_045512.2,28881,N,GU280_gp10,SNP,False,False,c.608G>A,p.Arg203Lys,SRNSTPGSSRGT,True,netmhcpan,63.5714,0.0,85.0,0.0,67.5,0.0
415,RNSTPGSSKGTS,netmhcpan,12.2132,0.0016,76.6667,0.0,75.0,0.0,12,NC_045512.2,28881,N,GU280_gp10,SNP,False,False,c.608G>A,p.Arg203Lys,RNSTPGSSRGTS,True,netmhcpan,7.7272,0.0043,76.6667,0.0,80.0,0.0
416,NSTPGSSKGTSP,netmhcpan,60.7143,0.0,80.0,0.0,75.0,0.0,12,NC_045512.2,28881,N,GU280_gp10,SNP,False,False,c.608G>A,p.Arg203Lys,NSTPGSSRGTSP,True,netmhcpan,60.7143,0.0,81.6667,0.0,80.0,0.0
417,STPGSSKGTSPA,netmhcpan,26.7692,0.0003,60.0,0.0,80.0,0.0,12,NC_045512.2,28881,N,GU280_gp10,SNP,False,False,c.608G>A,p.Arg203Lys,STPGSSRGTSPA,True,netmhcpan,29.0,0.0002,63.75,0.0,80.0,0.0
418,TPGSSKGTSPAR,netmhcpan,9.849,0.0025,46.4,0.0001,41.3333,0.0,12,NC_045512.2,28881,N,GU280_gp10,SNP,False,False,c.608G>A,p.Arg203Lys,TPGSSRGTSPAR,True,netmhcpan,7.0477,0.0052,46.6,0.0001,44.5,0.0
419,PGSSKGTSPARM,netmhcpan,54.6154,0.0,71.0,0.0,95.0,0.0,12,NC_045512.2,28881,N,GU280_gp10,SNP,False,False,c.608G>A,p.Arg203Lys,PGSSRGTSPARM,True,netmhcpan,45.0,0.0001,70.0,0.0,95.0,0.0
420,GSSKGTSPARMA,netmhcpan,64.2857,0.0,67.5,0.0,72.5,0.0,12,NC_045512.2,28881,N,GU280_gp10,SNP,False,False,c.608G>A,p.Arg203Lys,GSSRGTSPARMA,True,netmhcpan,67.0,0.0,71.0,0.0,72.5,0.0
421,SSKGTSPARMAG,netmhcpan,45.0,0.0001,65.8333,0.0,85.0,0.0,12,NC_045512.2,28881,N,GU280_gp10,SNP,False,False,c.608G>A,p.Arg203Lys,SSRGTSPARMAG,True,netmhcpan,33.4545,0.0001,67.5,0.0,95.0,0.0
422,SKGTSPARMAGN,netmhcpan,95.0,0.0,100.0,0.0,100.0,0.0,12,NC_045512.2,28881,N,GU280_gp10,SNP,False,False,c.608G>A,p.Arg203Lys,SRGTSPARMAGN,True,netmhcpan,92.5,0.0,100.0,0.0,95.0,0.0
423,KGTSPARMAGNG,netmhcpan,64.2857,0.0,100.0,0.0,100.0,0.0,12,NC_045512.2,28881,N,GU280_gp10,SNP,False,False,c.608G>A,p.Arg203Lys,RGTSPARMAGNG,True,netmhcpan,46.75,0.0001,100.0,0.0,100.0,0.0
424,SSRNSTPGSSKR,netmhcpan,36.1111,0.0001,30.8333,0.0003,41.0,0.0,12,NC_045512.2,"28881,28883",N,GU280_gp10,SNP,False,False,"c.608G>A,c.610G>C","p.Gly204Arg,p.Arg203Lys",SSRNSTPGSSRG,False,netmhcpan,59.4444,0.0,61.25,0.0,70.0,0.0
425,SRNSTPGSSKRT,netmhcpan,61.4286,0.0,81.6667,0.0,58.75,0.0,12,NC_045512.2,"28881,28883",N,GU280_gp10,SNP,False,False,"c.608G>A,c.610G>C","p.Gly204Arg,p.Arg203Lys",SRNSTPGSSRGT,False,netmhcpan,63.5714,0.0,85.0,0.0,67.5,0.0
426,RNSTPGSSKRTS,netmhcpan,10.2576,0.0023,76.6667,0.0,70.0,0.0,12,NC_045512.2,"28881,28883",N,GU280_gp10,SNP,False,False,"c.608G>A,c.610G>C","p.Gly204Arg,p.Arg203Lys",RNSTPGSSRGTS,False,netmhcpan,7.7272,0.0043,76.6667,0.0,80.0,0.0
427,NSTPGSSKRTSP,netmhcpan,56.6667,0.0,81.6667,0.0,75.0,0.0,12,NC_045512.2,"28881,28883",N,GU280_gp10,SNP,False,False,"c.608G>A,c.610G>C","p.Gly204Arg,p.Arg203Lys",NSTPGSSRGTSP,False,netmhcpan,60.7143,0.0,81.6667,0.0,80.0,0.0
428,STPGSSKRTSPA,netmhcpan,25.4333,0.0003,61.25,0.0,75.0,0.0,12,NC_045512.2,"28881,28883",N,GU280_gp10,SNP,False,False,"c.608G>A,c.610G>C","p.Gly204Arg,p.Arg203Lys",STPGSSRGTSPA,False,netmhcpan,29.0,0.0002,63.75,0.0,80.0,0.0
429,TPGSSKRTSPAR,netmhcpan,11.6716,0.0018,63.75,0.0,49.5,0.0,12,NC_045512.2,"28881,28883",N,GU280_gp10,SNP,False,False,"c.608G>A,c.610G>C","p.Gly204Arg,p.Arg203Lys",TPGSSRGTSPAR,False,netmhcpan,7.0477,0.0052,46.6,0.0001,44.5,0.0
430,PGSSKRTSPARM,netmhcpan,60.7143,0.0,76.6667,0.0,95.0,0.0,12,NC_045512.2,"28881,28883",N,GU280_gp10,SNP,False,False,"c.608G>A,c.610G>C","p.Gly204Arg,p.Arg203Lys",PGSSRGTSPARM,False,netmhcpan,45.0,0.0001,70.0,0.0,95.0,0.0
431,GSSKRTSPARMA,netmhcpan,59.4444,0.0,68.3333,0.0,60.0,0.0,12,NC_045512.2,"28881,28883",N,GU280_gp10,SNP,False,False,"c.608G>A,c.610G>C","p.Gly204Arg,p.Arg203Lys",GSSRGTSPARMA,False,netmhcpan,67.0,0.0,71.0,0.0,72.5,0.0
432,SSKRTSPARMAG,netmhcpan,46.25,0.0001,73.0,0.0,85.0,0.0,12,NC_045512.2,"28881,28883",N,GU280_gp10,SNP,False,False,"c.608G>A,c.610G>C","p.Gly204Arg,p.Arg203Lys",SSRGTSPARMAG,False,netmhcpan,33.4545,0.0001,67.5,0.0,95.0,0.0
433,SKRTSPARMAGN,netmhcpan,92.5,0.0,95.0,0.0,95.0,0.0,12,NC_045512.2,"28881,28883",N,GU280_gp10,SNP,False,False,"c.608G>A,c.610G>C","p.Gly204Arg,p.Arg203Lys",SRGTSPARMAGN,False,netmhcpan,92.5,0.0,100.0,0.0,95.0,0.0
434,KRTSPARMAGNG,netmhcpan,64.2857,0.0,95.0,0.0,95.0,0.0,12,NC_045512.2,"28881,28883",N,GU280_gp10,SNP,False,False,"c.608G>A,c.610G>C","p.Gly204Arg,p.Arg203Lys",RGTSPARMAGNG,False,netmhcpan,46.75,0.0001,100.0,0.0,100.0,0.0
435,SDNGPQNQRNAL,netmhcpan,0.1436,0.7932,49.5,0.0001,11.6135,0.0008,12,NC_045512.2,28311,N,GU280_gp10,SNP,False,False,c.38C>T,p.Pro13Leu,SDNGPQNQRNAP,True,netmhcpan,6.1997,0.0067,83.3333,0.0,30.8571,0.0001
436,DNGPQNQRNALR,netmhcpan,19.25,0.0006,76.6667,0.0,58.75,0.0,12,NC_045512.2,28311,N,GU280_gp10,SNP,False,False,c.38C>T,p.Pro13Leu,DNGPQNQRNAPR,True,netmhcpan,76.6667,0.0,81.6667,0.0,80.0,0.0
437,NGPQNQRNALRI,netmhcpan,19.7353,0.0005,90.0,0.0,75.0,0.0,12,NC_045512.2,28311,N,GU280_gp10,SNP,False,False,c.38C>T,p.Pro13Leu,NGPQNQRNAPRI,True,netmhcpan,23.4359,0.0004,90.0,0.0,75.0,0.0
438,GPQNQRNALRIT,netmhcpan,7.2962,0.0048,71.0,0.0,80.0,0.0,12,NC_045512.2,28311,N,GU280_gp10,SNP,False,False,c.38C>T,p.Pro13Leu,GPQNQRNAPRIT,True,netmhcpan,6.0651,0.007,69.1667,0.0,80.0,0.0
439,PQNQRNALRITF,netmhcpan,62.1429,0.0,16.3608,0.0014,24.25,0.0001,12,NC_045512.2,28311,N,GU280_gp10,SNP,False,False,c.38C>T,p.Pro13Leu,PQNQRNAPRITF,True,netmhcpan,43.8,0.0001,10.7886,0.0039,16.8367,0.0003
440,QNQRNALRITFG,netmhcpan,80.0,0.0,73.0,0.0,67.5,0.0,12,NC_045512.2,28311,N,GU280_gp10,SNP,False,False,c.38C>T,p.Pro13Leu,QNQRNAPRITFG,True,netmhcpan,62.8571,0.0,56.25,0.0,49.5,0.0
441,NQRNALRITFGG,netmhcpan,78.3333,0.0,45.3333,0.0001,56.25,0.0,12,NC_045512.2,28311,N,GU280_gp10,SNP,False,False,c.38C>T,p.Pro13Leu,NQRNAPRITFGG,True,netmhcpan,58.8889,0.0,32.45,0.0002,47.0,0.0
442,QRNALRITFGGP,netmhcpan,71.25,0.0,81.6667,0.0,65.0,0.0,12,NC_045512.2,28311,N,GU280_gp10,SNP,False,False,c.38C>T,p.Pro13Leu,QRNAPRITFGGP,True,netmhcpan,29.0588,0.0002,71.0,0.0,46.0,0.0
443,RNALRITFGGPS,netmhcpan,85.0,0.0,95.0,0.0,100.0,0.0,12,NC_045512.2,28311,N,GU280_gp10,SNP,False,False,c.38C>T,p.Pro13Leu,RNAPRITFGGPS,True,netmhcpan,68.0,0.0,95.0,0.0,85.0,0.0
444,NALRITFGGPSD,netmhcpan,95.0,0.0,100.0,0.0,100.0,0.0,12,NC_045512.2,28311,N,GU280_gp10,SNP,False,False,c.38C>T,p.Pro13Leu,NAPRITFGGPSD,True,netmhcpan,80.0,0.0,100.0,0.0,100.0,0.0
445,ALRITFGGPSDS,netmhcpan,80.0,0.0,58.3333,0.0,80.0,0.0,12,NC_045512.2,28311,N,GU280_gp10,SNP,False,False,c.38C>T,p.Pro13Leu,APRITFGGPSDS,True,netmhcpan,6.5164,0.006,76.6667,0.0,72.5,0.0
446,LRITFGGPSDST,netmhcpan,75.0,0.0,90.0,0.0,85.0,0.0,12,NC_045512.2,28311,N,GU280_gp10,SNP,False,False,c.38C>T,p.Pro13Leu,PRITFGGPSDST,True,netmhcpan,92.5,0.0,95.0,0.0,100.0,0.0
